# Torus knot (p=2, q=3)
# Generated procedurally for CSE 160 asgn4
v 2.05069 -0.02496 0.00000
v 2.08736 -0.06737 0.16639
v 2.18684 -0.09952 0.30745
v 2.33400 -0.11652 0.40171
v 2.50643 -0.11578 0.43480
v 2.67788 -0.09741 0.40171
v 2.82226 -0.06422 0.30745
v 2.91757 -0.02125 0.16639
v 2.94931 0.02496 0.00000
v 2.91264 0.06737 -0.16639
v 2.81316 0.09952 -0.30745
v 2.66600 0.11652 -0.40171
v 2.49357 0.11578 -0.43480
v 2.32212 0.09741 -0.40171
v 2.17774 0.06422 -0.30745
v 2.08243 0.02125 -0.16639
v 2.04316 0.16051 0.06279
v 2.08428 0.12253 0.22921
v 2.18670 0.10169 0.37030
v 2.33482 0.10116 0.46457
v 2.50611 0.12102 0.49767
v 2.67448 0.15824 0.46457
v 2.81429 0.20716 0.37030
v 2.90427 0.26033 0.22921
v 2.93072 0.30966 0.06279
v 2.88960 0.34764 -0.10363
v 2.78718 0.36848 -0.24472
v 2.63906 0.36901 -0.33899
v 2.46777 0.34915 -0.37209
v 2.29940 0.31193 -0.33899
v 2.15959 0.26301 -0.24472
v 2.06961 0.20984 -0.10363
v 2.01519 0.34370 0.12533
v 2.06020 0.31073 0.29181
v 2.16424 0.30154 0.43295
v 2.31148 0.31754 0.52725
v 2.47950 0.35629 0.56037
v 2.64272 0.41189 0.52725
v 2.77629 0.47587 0.43295
v 2.85988 0.53851 0.29181
v 2.88076 0.59025 0.12533
v 2.83575 0.62322 -0.04115
v 2.73170 0.63241 -0.18228
v 2.58446 0.61641 -0.27658
v 2.41644 0.57767 -0.30970
v 2.25322 0.52207 -0.27658
v 2.11965 0.45808 -0.18228
v 2.03606 0.39545 -0.04115
v 1.96726 0.52208 0.18738
v 2.01552 0.49460 0.35395
v 2.11983 0.49725 0.49516
v 2.26432 0.52964 0.58951
v 2.42699 0.58682 0.62264
v 2.58307 0.66010 0.58951
v 2.70881 0.73832 0.49516
v 2.78505 0.80956 0.35395
v 2.80019 0.86299 0.18738
v 2.75193 0.89047 0.02081
v 2.64762 0.88782 -0.12040
v 2.50312 0.85543 -0.21475
v 2.34046 0.79825 -0.24788
v 2.18438 0.72497 -0.21475
v 2.05864 0.64675 -0.12040
v 1.98240 0.57551 0.02081
v 1.90021 0.69320 0.24869
v 1.95101 0.67162 0.41537
v 2.05421 0.68615 0.55668
v 2.19410 0.73457 0.65110
v 2.34939 0.80950 0.68426
v 2.49643 0.89954 0.65110
v 2.61284 0.99098 0.55668
v 2.68090 1.06991 0.41537
v 2.69025 1.12430 0.24869
v 2.63945 1.14587 0.08201
v 2.53625 1.13134 -0.05930
v 2.39636 1.08293 -0.15372
v 2.24107 1.00799 -0.18688
v 2.09403 0.91795 -0.15372
v 1.97762 0.82651 -0.05930
v 1.90956 0.74758 0.08201
v 1.81521 0.85476 0.30902
v 1.86776 0.83941 0.47585
v 1.96844 0.86567 0.61728
v 2.10192 0.92955 0.71178
v 2.24789 1.02132 0.74496
v 2.38411 1.12701 0.71178
v 2.48986 1.23053 0.61728
v 2.54903 1.31612 0.47585
v 2.55261 1.37075 0.30902
v 2.50006 1.38610 0.14219
v 2.39938 1.35984 0.00076
v 2.26589 1.29596 -0.09374
v 2.11993 1.20419 -0.12693
v 1.98370 1.09850 -0.09374
v 1.87796 0.99498 0.00076
v 1.81879 0.90939 0.14219
v 1.71369 1.00467 0.36812
v 1.76717 0.99575 0.53513
v 1.86394 1.03344 0.67670
v 1.98927 1.11201 0.77130
v 2.12408 1.21949 0.80452
v 2.24784 1.33953 0.77130
v 2.34171 1.45384 0.67670
v 2.39141 1.54503 0.53513
v 2.38936 1.59921 0.36812
v 2.33588 1.60813 0.20112
v 2.23912 1.57044 0.05955
v 2.11379 1.49187 -0.03505
v 1.97898 1.38439 -0.06827
v 1.85522 1.26435 -0.03505
v 1.76134 1.15004 0.05955
v 1.71165 1.05885 0.20112
v 1.59738 1.14105 0.42578
v 1.65093 1.13865 0.59298
v 1.74242 1.18729 0.73472
v 1.85793 1.27958 0.82944
v 1.97988 1.40145 0.86269
v 2.08969 1.53435 0.82944
v 2.17065 1.65806 0.73472
v 2.21044 1.75374 0.59298
v 2.20299 1.80682 0.42578
v 2.14944 1.80922 0.25858
v 2.05795 1.76058 0.11683
v 1.94244 1.66830 0.02212
v 1.82050 1.54642 -0.01114
v 1.71068 1.41352 0.02212
v 1.62972 1.28981 0.11683
v 1.58994 1.19413 0.25858
v 1.46822 1.26229 0.48175
v 1.52095 1.26639 0.64918
v 1.60585 1.32533 0.79112
v 1.71000 1.43016 0.88596
v 1.81753 1.56491 0.91926
v 1.91208 1.70906 0.88596
v 1.97925 1.84068 0.79112
v 2.00882 1.93971 0.64918
v 1.99628 1.99110 0.48175
v 1.94355 1.98700 0.31433
v 1.85865 1.92805 0.17239
v 1.75451 1.82323 0.07755
v 1.64698 1.68848 0.04425
v 1.55243 1.54433 0.07755
v 1.48526 1.41271 0.17239
v 1.45569 1.31368 0.31433
v 1.32834 1.36707 0.53583
v 1.37937 1.37751 0.70350
v 1.45643 1.44595 0.84565
v 1.54778 1.56198 0.94064
v 1.63953 1.70792 0.97399
v 1.71769 1.86157 0.94064
v 1.77037 1.99952 0.84565
v 1.78956 2.10078 0.70350
v 1.77233 2.14994 0.53583
v 1.72129 2.13950 0.36815
v 1.64423 2.07106 0.22600
v 1.55288 1.95504 0.13102
v 1.46114 1.80909 0.09767
v 1.38297 1.65545 0.13102
v 1.33029 1.51749 0.22600
v 1.31110 1.41623 0.36815
v 1.18000 1.45440 0.58779
v 1.22846 1.47090 0.75574
v 1.29652 1.54786 0.89812
v 1.37382 1.67357 0.99326
v 1.44859 1.82888 1.02667
v 1.50945 1.99016 0.99326
v 1.54713 2.13284 0.89812
v 1.55590 2.23520 0.75574
v 1.53442 2.28167 0.58779
v 1.48595 2.26517 0.41983
v 1.41789 2.18820 0.27745
v 1.34059 2.06250 0.18231
v 1.26582 1.90719 0.14891
v 1.20496 1.74591 0.18231
v 1.16728 1.60323 0.27745
v 1.15851 1.50086 0.41983
v 1.02555 1.52358 0.63742
v 1.07061 1.54575 0.80567
v 1.12863 1.63011 0.94831
v 1.19078 1.76384 1.04361
v 1.24761 1.92656 1.07708
v 1.29045 2.09352 1.04361
v 1.31280 2.23928 0.94831
v 1.31124 2.34166 0.80567
v 1.28602 2.38507 0.63742
v 1.24096 2.36290 0.46917
v 1.18295 2.27854 0.32654
v 1.12079 2.14481 0.23123
v 1.06396 1.98209 0.19777
v 1.02112 1.81514 0.23123
v 0.99877 1.66937 0.32654
v 1.00033 1.56700 0.46917
v 0.86741 1.57430 0.68455
v 0.90826 1.60159 0.85311
v 0.95533 1.69211 0.99602
v 1.00143 1.83205 1.09150
v 1.03956 2.00013 1.12503
v 1.06392 2.17075 1.09150
v 1.07078 2.31794 0.99602
v 1.05911 2.41929 0.85311
v 1.03069 2.45936 0.68455
v 0.98983 2.43207 0.51598
v 0.94277 2.34156 0.37308
v 0.89667 2.20161 0.27759
v 0.85853 2.03353 0.24406
v 0.83418 1.86291 0.27759
v 0.82732 1.71572 0.37308
v 0.83899 1.61437 0.51598
v 0.70796 1.60654 0.72897
v 0.74389 1.63832 0.89787
v 0.77923 1.73359 1.04106
v 0.80859 1.87786 1.13673
v 0.82751 2.04915 1.17033
v 0.83311 2.22140 1.13673
v 0.82453 2.36837 1.04106
v 0.80308 2.46770 0.89787
v 0.77202 2.50426 0.72897
v 0.73609 2.47248 0.56007
v 0.70075 2.37721 0.41688
v 0.67138 2.23294 0.32120
v 0.65246 2.06164 0.28761
v 0.64687 1.88940 0.32120
v 0.65545 1.74242 0.41688
v 0.67690 1.64310 0.56007
v 0.54953 1.62063 0.77051
v 0.57990 1.65613 0.93976
v 0.60292 1.75467 1.08325
v 0.61507 1.90127 1.17912
v 0.61451 2.07359 1.21279
v 0.60132 2.24541 1.17912
v 0.57751 2.39056 1.08325
v 0.54670 2.48696 0.93976
v 0.51358 2.51991 0.77051
v 0.48321 2.48442 0.60126
v 0.46019 2.38587 0.45778
v 0.44804 2.23928 0.36190
v 0.44860 2.06696 0.32824
v 0.46179 1.89514 0.36190
v 0.48561 1.74998 0.45778
v 0.51641 1.65359 0.60126
v 0.39435 1.61721 0.80902
v 0.41864 1.65556 0.97863
v 0.42892 1.75580 1.12242
v 0.42362 1.90266 1.21850
v 0.40355 2.07380 1.25223
v 0.37177 2.24315 1.21850
v 0.33311 2.38494 1.12242
v 0.29346 2.47757 0.97863
v 0.25885 2.50695 0.80902
v 0.23456 2.46860 0.63941
v 0.22428 2.36837 0.49562
v 0.22958 2.22150 0.39954
v 0.24965 2.05036 0.36580
v 0.28144 1.88101 0.39954
v 0.32010 1.73922 0.49562
v 0.35975 1.64659 0.63941
v 0.24452 1.59720 0.84433
v 0.26231 1.63745 1.01431
v 0.25963 1.73773 1.15841
v 0.23688 1.88278 1.25469
v 0.19753 2.05052 1.28850
v 0.14757 2.21542 1.25469
v 0.09461 2.35236 1.15841
v 0.04670 2.44050 1.01431
v 0.01114 2.46642 0.84433
v -0.00665 2.42617 0.67435
v -0.00397 2.32589 0.53025
v 0.01878 2.18084 0.43396
v 0.05813 2.01310 0.40015
v 0.10809 1.84820 0.43396
v 0.16105 1.71126 0.53025
v 0.20896 1.62312 0.67435
v 0.10192 1.56179 0.87631
v 0.11294 1.60290 1.04665
v 0.09728 1.70153 1.19106
v 0.05734 1.84268 1.28756
v -0.00080 2.00485 1.32144
v -0.06831 2.16336 1.28756
v -0.13488 2.29407 1.19106
v -0.19041 2.37708 1.04665
v -0.22642 2.39976 0.87631
v -0.23743 2.35865 0.70596
v -0.22178 2.26002 0.56155
v -0.18184 2.11887 0.46506
v -0.12369 1.95670 0.43117
v -0.05619 1.79819 0.46506
v 0.01039 1.66748 0.56155
v 0.06591 1.58447 0.70596
v -0.03176 1.51239 0.90483
v -0.02764 1.55327 1.07553
v -0.05606 1.64854 1.22025
v -0.11269 1.78372 1.31695
v -0.18891 1.93820 1.35091
v -0.27312 2.08849 1.31695
v -0.35249 2.21169 1.22025
v -0.41494 2.28905 1.07553
v -0.45097 2.30880 0.90483
v -0.45509 2.26792 0.73412
v -0.42666 2.17264 0.58940
v -0.37003 2.03747 0.49270
v -0.29381 1.88299 0.45875
v -0.20961 1.73270 0.49270
v -0.13024 1.60950 0.58940
v -0.06779 1.53214 0.73412
v -0.15509 1.45060 0.92978
v -0.15784 1.49012 1.10083
v -0.19860 1.58033 1.24584
v -0.27116 1.70751 1.34274
v -0.36449 1.85229 1.37676
v -0.46437 1.99263 1.34274
v -0.55559 2.10717 1.24584
v -0.62427 2.17847 1.10083
v -0.65995 2.19566 0.92978
v -0.65720 2.15615 0.75872
v -0.61644 2.06594 0.61371
v -0.54387 1.93876 0.51681
v -0.45055 1.79398 0.48279
v -0.35067 1.65364 0.51681
v -0.25945 1.53910 0.61371
v -0.19077 1.46780 0.75872
v -0.26690 1.37818 0.95106
v -0.27631 1.41518 1.12244
v -0.32876 1.49866 1.26772
v -0.41626 1.61592 1.36480
v -0.52549 1.74909 1.39889
v -0.63983 1.87790 1.36480
v -0.74187 1.98275 1.26772
v -0.81607 2.04767 1.12244
v -0.85113 2.06278 0.95106
v -0.84172 2.02577 0.77968
v -0.78928 1.94229 0.63439
v -0.70178 1.82504 0.53731
v -0.59254 1.69187 0.50322
v -0.47820 1.56305 0.53731
v -0.37617 1.45820 0.63439
v -0.30197 1.39328 0.77968
v -0.36632 1.29696 0.96858
v -0.38200 1.33031 1.14025
v -0.44525 1.40546 1.28579
v -0.54645 1.51097 1.38303
v -0.67018 1.63077 1.41718
v -0.79762 1.74663 1.38303
v -0.90935 1.84091 1.28579
v -0.98837 1.89925 1.14025
v -1.02265 1.91278 0.96858
v -1.00698 1.87942 0.79691
v -0.94372 1.80427 0.65138
v -0.84253 1.69877 0.55413
v -0.71879 1.57896 0.51999
v -0.59136 1.46310 0.55413
v -0.47963 1.36883 0.65138
v -0.40060 1.31049 0.79691
v -0.45275 1.20886 0.98229
v -0.47414 1.23745 1.15420
v -0.54709 1.30276 1.29994
v -0.66051 1.39486 1.39732
v -0.79714 1.49971 1.43152
v -0.93616 1.60135 1.39732
v -1.05642 1.68432 1.29994
v -1.13960 1.73598 1.15420
v -1.17305 1.74846 0.98229
v -1.15167 1.71987 0.81037
v -1.07871 1.65456 0.66463
v -0.96529 1.56247 0.56725
v -0.82867 1.45762 0.53306
v -0.68964 1.35597 0.56725
v -0.56939 1.27301 0.66463
v -0.48620 1.22135 0.81037
v -0.52589 1.11580 0.99211
v -0.55223 1.13858 1.16421
v -0.63357 1.19268 1.31010
v -0.75755 1.26985 1.40759
v -0.90527 1.35836 1.44182
v -1.05426 1.44473 1.40759
v -1.18184 1.51580 1.31010
v -1.26857 1.56076 1.16421
v -1.30125 1.57276 0.99211
v -1.27492 1.54998 0.82002
v -1.19357 1.49589 0.67413
v -1.06960 1.41871 0.57664
v -0.92187 1.33020 0.54241
v -0.77288 1.24384 0.57664
v -0.64531 1.17276 0.67413
v -0.55858 1.12780 0.82002
v -0.58572 1.01966 0.99803
v -0.61608 1.03567 1.17022
v -0.70430 1.07733 1.31620
v -0.83695 1.13830 1.41374
v -0.99385 1.20930 1.44799
v -1.15109 1.27951 1.41374
v -1.28475 1.33825 1.31620
v -1.37447 1.37657 1.17022
v -1.40660 1.38865 0.99803
v -1.37624 1.37263 0.82583
v -1.28802 1.33097 0.67985
v -1.15537 1.27000 0.58231
v -0.99847 1.19900 0.54806
v -0.84123 1.12879 0.58231
v -0.70757 1.07005 0.67985
v -0.61785 1.03173 0.82583
v -0.63248 0.92224 1.00000
v -0.66576 0.93065 1.17219
v -0.75916 0.95885 1.31817
v -0.89846 1.00255 1.41571
v -1.06246 1.05510 1.44996
v -1.22618 1.10849 1.41571
v -1.36470 1.15461 1.31817
v -1.45694 1.18642 1.17219
v -1.48884 1.19908 1.00000
v -1.45556 1.19067 0.82781
v -1.36216 1.16247 0.68183
v -1.22286 1.11877 0.58429
v -1.05886 1.06622 0.55004
v -0.89514 1.01283 0.58429
v -0.75662 0.96671 0.68183
v -0.66438 0.93490 0.82781
v -0.66666 0.82525 0.99803
v -0.70161 0.82536 1.17009
v -0.79834 0.83929 1.31597
v -0.94211 0.86492 1.41343
v -1.11105 0.89833 1.44766
v -1.27944 0.93446 1.41343
v -1.42162 0.96779 1.31597
v -1.51597 0.99326 1.17009
v -1.54812 1.00698 0.99803
v -1.51317 1.00686 0.82596
v -1.41644 0.99293 0.68009
v -1.27266 0.96731 0.58262
v -1.10372 0.93389 0.54839
v -0.93534 0.89776 0.58262
v -0.79315 0.86443 0.68009
v -0.69880 0.83897 0.82596
v -0.68897 0.73023 0.99211
v -0.72420 0.72153 1.16391
v -0.82227 0.72063 1.30954
v -0.96825 0.72764 1.40685
v -1.13991 0.74152 1.44102
v -1.31113 0.76013 1.40685
v -1.45583 0.78066 1.30954
v -1.55198 0.79997 1.16391
v -1.58495 0.81513 0.99211
v -1.54972 0.82382 0.82032
v -1.45165 0.82473 0.67469
v -1.30567 0.81771 0.57738
v -1.13401 0.80384 0.54320
v -0.96279 0.78522 0.57738
v -0.81809 0.76469 0.67469
v -0.72194 0.74538 0.82032
v -0.70030 0.63854 0.98229
v -0.73431 0.62073 1.15362
v -0.83165 0.60470 1.29887
v -0.97749 0.59287 1.39592
v -1.14963 0.58705 1.43000
v -1.32187 0.58814 1.39592
v -1.46798 0.59595 1.29887
v -1.56572 0.60931 1.15362
v -1.60021 0.62618 0.98229
v -1.56620 0.64398 0.81095
v -1.46886 0.66002 0.66571
v -1.32302 0.67185 0.56865
v -1.15088 0.67766 0.53457
v -0.97864 0.67658 0.56865
v -0.83253 0.66877 0.66571
v -0.73479 0.65541 0.81095
v -0.70170 0.55137 0.96858
v -0.73292 0.52436 1.13924
v -0.82739 0.49319 1.28392
v -0.97073 0.46258 1.38059
v -1.14112 0.43721 1.41454
v -1.31262 0.42094 1.38059
v -1.45911 0.41624 1.28392
v -1.55831 0.42382 1.13924
v -1.59509 0.44254 0.96858
v -1.56388 0.46955 0.79792
v -1.46940 0.50072 0.65324
v -1.32606 0.53133 0.55657
v -1.15567 0.55670 0.52263
v -0.98417 0.57297 0.55657
v -0.83768 0.57767 0.65324
v -0.73848 0.57009 0.79792
v -0.69432 0.46965 0.95106
v -0.72112 0.43361 1.12080
v -0.81059 0.38759 1.26469
v -0.94910 0.33860 1.36084
v -1.11555 0.29408 1.39461
v -1.28461 0.26082 1.36084
v -1.43055 0.24389 1.26469
v -1.53114 0.24585 1.12080
v -1.57107 0.26642 0.95106
v -1.54426 0.30246 0.78132
v -1.45479 0.34847 0.63742
v -1.31629 0.39747 0.54127
v -1.14983 0.44199 0.50751
v -0.98077 0.47524 0.54127
v -0.83483 0.49218 0.63742
v -0.73424 0.49021 0.78132
v -0.67937 0.39412 0.92978
v -0.70017 0.34947 1.09831
v -0.78253 0.28921 1.24118
v -0.91393 0.22251 1.33665
v -1.07436 0.15952 1.37017
v -1.23940 0.10984 1.33665
v -1.38392 0.08103 1.24118
v -1.48591 0.07747 1.09831
v -1.52986 0.09971 0.92978
v -1.50907 0.14435 0.76124
v -1.42670 0.20462 0.61837
v -1.29530 0.27132 0.52290
v -1.13487 0.33430 0.48938
v -0.96983 0.38398 0.52290
v -0.82532 0.41280 0.61837
v -0.72332 0.41635 0.76124
v -0.65812 0.32527 0.90483
v -0.67135 0.27268 1.07183
v -0.74462 0.19908 1.21340
v -0.86677 0.11567 1.30800
v -1.01922 0.03515 1.34122
v -1.17876 -0.03023 1.30800
v -1.32109 -0.07051 1.21340
v -1.42454 -0.07956 1.07183
v -1.47338 -0.05600 0.90483
v -1.46015 -0.00341 0.73783
v -1.38688 0.07019 0.59625
v -1.26473 0.15360 0.50165
v -1.11228 0.23412 0.46844
v -0.95274 0.29950 0.50165
v -0.81041 0.33978 0.59625
v -0.70696 0.34883 0.73783
v -0.63180 0.26338 0.87631
v -0.63601 0.20379 1.04141
v -0.69834 0.11804 1.18138
v -0.80929 0.01920 1.27491
v -0.95198 -0.07770 1.30775
v -1.10468 -0.15791 1.27491
v -1.24415 -0.20920 1.18138
v -1.34915 -0.22377 1.04141
v -1.40369 -0.19941 0.87631
v -1.39948 -0.13982 0.71120
v -1.33715 -0.05408 0.57123
v -1.22620 0.04477 0.47770
v -1.08351 0.14167 0.44486
v -0.93081 0.22187 0.47770
v -0.79134 0.27317 0.57123
v -0.68634 0.28774 0.71120
v -0.60157 0.20852 0.84433
v -0.59549 0.14308 1.00715
v -0.64525 0.04664 1.14517
v -0.74327 -0.06612 1.23740
v -0.87464 -0.17802 1.26979
v -1.01934 -0.27205 1.23740
v -1.15536 -0.33387 1.14517
v -1.26198 -0.35408 1.00715
v -1.32297 -0.32960 0.84433
v -1.32905 -0.26416 0.68151
v -1.27929 -0.16772 0.54348
v -1.18127 -0.05497 0.45125
v -1.04991 0.05694 0.41887
v -0.90520 0.15096 0.45125
v -0.76918 0.21279 0.54348
v -0.66256 0.23300 0.68151
v -0.56853 0.16057 0.80902
v -0.55109 0.09063 0.96912
v -0.58693 -0.01483 1.10485
v -0.67057 -0.13976 1.19554
v -0.78930 -0.26514 1.22739
v -0.92502 -0.37188 1.19554
v -1.05709 -0.44372 1.10485
v -1.16539 -0.46974 0.96912
v -1.23344 -0.44597 0.80902
v -1.25088 -0.37603 0.64891
v -1.21504 -0.27057 0.51318
v -1.13140 -0.14564 0.42249
v -1.01267 -0.02026 0.39065
v -0.87694 0.08647 0.42249
v -0.74488 0.15832 0.51318
v -0.63657 0.18434 0.64891
v -0.53363 0.11923 0.77051
v -0.50404 0.04629 0.92746
v -0.52491 -0.06636 1.06051
v -0.59306 -0.20157 1.14942
v -0.69812 -0.33874 1.18064
v -0.82409 -0.45701 1.14942
v -0.95179 -0.53835 1.06051
v -1.06178 -0.57040 0.92746
v -1.13732 -0.54826 0.77051
v -1.16691 -0.47532 0.61357
v -1.14604 -0.36267 0.48051
v -1.07789 -0.22746 0.39161
v -0.97283 -0.09029 0.36039
v -0.84687 0.02798 0.39161
v -0.71916 0.10932 0.48051
v -0.60917 0.14137 0.61357
v -0.49768 0.08410 0.72897
v -0.45544 0.00972 0.88231
v -0.46068 -0.10818 1.01230
v -0.51258 -0.25168 1.09916
v -0.60326 -0.39890 1.12967
v -0.71890 -0.52746 1.09916
v -0.84190 -0.61776 1.01230
v -0.95354 -0.65607 0.88231
v -1.03681 -0.63655 0.72897
v -1.07904 -0.56217 0.57563
v -1.07381 -0.44427 0.44563
v -1.02190 -0.30077 0.35877
v -0.93123 -0.15354 0.32827
v -0.81559 -0.02499 0.35877
v -0.69259 0.06531 0.44563
v -0.58095 0.10362 0.57563
v -0.46130 0.05465 0.68455
v -0.40625 -0.01958 0.83384
v -0.39557 -0.14081 0.96041
v -0.43087 -0.29058 1.04497
v -0.50679 -0.44609 1.07467
v -0.61176 -0.58366 1.04497
v -0.72981 -0.68236 0.96041
v -0.84297 -0.72716 0.83384
v -0.93400 -0.71122 0.68455
v -0.98905 -0.63700 0.53525
v -0.99973 -0.51577 0.40869
v -0.96443 -0.36600 0.32412
v -0.88851 -0.21049 0.29442
v -0.78354 -0.07291 0.32412
v -0.66549 0.02578 0.40869
v -0.55233 0.07058 0.53525
v -0.42493 0.03029 0.63742
v -0.35724 -0.04230 0.78226
v -0.33076 -0.16498 0.90505
v -0.34951 -0.31908 0.98709
v -0.41064 -0.48113 1.01590
v -0.50485 -0.62647 0.98709
v -0.61780 -0.73297 0.90505
v -0.73228 -0.78441 0.78226
v -0.83087 -0.77297 0.63742
v -0.89856 -0.70038 0.49259
v -0.92504 -0.57770 0.36980
v -0.90629 -0.42360 0.28776
v -0.84516 -0.26155 0.25895
v -0.75095 -0.11621 0.28776
v -0.63800 -0.00971 0.36980
v -0.52352 0.04173 0.49259
v -0.38881 0.01042 0.58779
v -0.30897 -0.05921 0.72781
v -0.26720 -0.18165 0.84652
v -0.26986 -0.33827 0.92584
v -0.31654 -0.50523 0.95369
v -0.40014 -0.65710 0.92584
v -0.50792 -0.77076 0.84652
v -0.62348 -0.82892 0.72781
v -0.72923 -0.82272 0.58779
v -0.80906 -0.75309 0.44776
v -0.85083 -0.63065 0.32905
v -0.84817 -0.47403 0.24973
v -0.80149 -0.30707 0.22188
v -0.71790 -0.15520 0.24973
v -0.61012 -0.04153 0.32905
v -0.49455 0.01662 0.44776
v -0.35296 -0.00557 0.53583
v -0.26177 -0.07116 0.67077
v -0.20560 -0.19194 0.78518
v -0.19302 -0.34950 0.86162
v -0.22592 -0.51987 0.88846
v -0.29930 -0.67711 0.86162
v -0.40200 -0.79727 0.78518
v -0.51837 -0.86207 0.67077
v -0.63070 -0.86164 0.53583
v -0.72188 -0.79604 0.40088
v -0.77805 -0.67527 0.28648
v -0.79064 -0.51770 0.21004
v -0.75774 -0.34733 0.18319
v -0.68435 -0.19010 0.21004
v -0.58166 -0.06993 0.28648
v -0.46529 -0.00514 0.40088
v -0.31724 -0.01823 0.48175
v -0.21574 -0.07907 0.61146
v -0.14639 -0.19708 0.72142
v -0.11975 -0.35431 0.79490
v -0.13988 -0.52682 0.82070
v -0.20371 -0.68833 0.79490
v -0.30153 -0.81428 0.72142
v -0.41845 -0.88547 0.61146
v -0.53665 -0.89108 0.48175
v -0.63816 -0.83024 0.35204
v -0.70751 -0.71222 0.24208
v -0.73415 -0.55500 0.16861
v -0.71402 -0.38249 0.14281
v -0.65018 -0.22097 0.16861
v -0.55236 -0.09503 0.24208
v -0.43545 -0.02384 0.35204
v -0.28136 -0.02808 0.42578
v -0.17076 -0.08380 0.55024
v -0.08969 -0.19837 0.65575
v -0.05050 -0.35432 0.72625
v -0.05917 -0.52794 0.75100
v -0.11435 -0.69277 0.72625
v -0.20767 -0.82373 0.65575
v -0.32490 -0.90088 0.55024
v -0.44821 -0.91248 0.42578
v -0.55881 -0.85675 0.30132
v -0.63988 -0.74219 0.19581
v -0.67907 -0.58623 0.12531
v -0.67041 -0.41262 0.10055
v -0.61522 -0.24779 0.12531
v -0.52190 -0.11683 0.19581
v -0.40467 -0.03968 0.30132
v -0.24493 -0.03556 0.36812
v -0.12655 -0.08622 0.48749
v -0.03542 -0.19705 0.58869
v 0.01458 -0.35118 0.65631
v 0.01585 -0.52514 0.68005
v -0.03181 -0.69246 0.65631
v -0.12114 -0.82765 0.58869
v -0.23855 -0.91013 0.48749
v -0.36615 -0.92735 0.36812
v -0.48453 -0.87669 0.24876
v -0.57566 -0.76586 0.14756
v -0.62566 -0.61173 0.07994
v -0.62693 -0.43777 0.05620
v -0.57927 -0.27045 0.07994
v -0.48994 -0.13527 0.14756
v -0.37253 -0.05278 0.24876
v -0.20752 -0.04105 0.30902
v -0.08274 -0.08706 0.42366
v 0.01669 -0.19428 0.52084
v 0.07564 -0.34639 0.58578
v 0.08514 -0.52023 0.60859
v 0.04373 -0.68932 0.58578
v -0.04228 -0.82794 0.52084
v -0.15979 -0.91498 0.42366
v -0.29091 -0.93718 0.30902
v -0.41569 -0.89116 0.19438
v -0.51512 -0.78394 0.09719
v -0.57407 -0.63183 0.03225
v -0.58357 -0.45800 0.00945
v -0.54216 -0.28890 0.03225
v -0.45615 -0.15028 0.09719
v -0.33864 -0.06325 0.19438
v -0.16880 -0.04490 0.24869
v -0.03899 -0.08697 0.35918
v 0.06698 -0.19102 0.45284
v 0.13297 -0.34121 0.51543
v 0.14893 -0.51468 0.53741
v 0.11243 -0.68501 0.51543
v 0.02904 -0.82628 0.45284
v -0.08856 -0.91698 0.35918
v -0.22246 -0.94330 0.24869
v -0.35227 -0.90123 0.13820
v -0.45824 -0.79718 0.04454
v -0.52422 -0.64699 -0.01805
v -0.54018 -0.47352 -0.04003
v -0.50369 -0.30319 -0.01805
v -0.42029 -0.16192 0.04454
v -0.30270 -0.07122 0.13820
v -0.12862 -0.04743 0.18738
v 0.00492 -0.08641 0.29451
v 0.11573 -0.18791 0.38533
v 0.18692 -0.33650 0.44601
v 0.20767 -0.50954 0.46732
v 0.17482 -0.68070 0.44601
v 0.09336 -0.82392 0.38533
v -0.02430 -0.91738 0.29451
v -0.16026 -0.94688 0.18738
v -0.29380 -0.90791 0.08025
v -0.40460 -0.80640 -0.01056
v -0.47580 -0.65782 -0.07125
v -0.49655 -0.48477 -0.09256
v -0.46369 -0.31361 -0.07125
v -0.38223 -0.17040 -0.01056
v -0.26457 -0.07693 0.08025
v -0.08713 -0.04896 0.12533
v 0.04892 -0.08565 0.23009
v 0.16303 -0.18525 0.31890
v 0.23783 -0.33260 0.37824
v 0.26193 -0.50527 0.39908
v 0.23168 -0.67696 0.37824
v 0.15166 -0.82155 0.31890
v 0.03406 -0.91701 0.23009
v -0.10321 -0.94882 0.12533
v -0.23925 -0.91213 0.02058
v -0.35336 -0.81253 -0.06823
v -0.42816 -0.66518 -0.12758
v -0.45227 -0.49251 -0.14841
v -0.42201 -0.32082 -0.12758
v -0.34199 -0.17623 -0.06823
v -0.22440 -0.08077 0.02058
v -0.04482 -0.04975 0.06279
v 0.09261 -0.08475 0.16632
v 0.20874 -0.18292 0.25409
v 0.28590 -0.32933 0.31274
v 0.31235 -0.50168 0.33333
v 0.28405 -0.67374 0.31274
v 0.20531 -0.81931 0.25409
v 0.08813 -0.91623 0.16632
v -0.04966 -0.94974 0.06279
v -0.18709 -0.91474 -0.04074
v -0.30322 -0.81657 -0.12851
v -0.38038 -0.67016 -0.18716
v -0.40683 -0.49781 -0.20775
v -0.37853 -0.32575 -0.18716
v -0.29979 -0.18018 -0.12851
v -0.18261 -0.08326 -0.04074
v -0.00242 -0.05001 0.00000
v 0.13537 -0.08352 0.10353
v 0.25255 -0.18044 0.19130
v 0.33129 -0.32601 0.24995
v 0.35959 -0.49806 0.27054
v 0.33314 -0.67042 0.24995
v 0.25598 -0.81682 0.19130
v 0.13985 -0.91500 0.10353
v 0.00242 -0.94999 0.00000
v -0.13537 -0.91648 -0.10353
v -0.25255 -0.81956 -0.19130
v -0.33129 -0.67399 -0.24995
v -0.35959 -0.50194 -0.27054
v -0.33314 -0.32958 -0.24995
v -0.25598 -0.18318 -0.19130
v -0.13985 -0.08500 -0.10353
v 0.03920 -0.04982 -0.06279
v 0.17647 -0.08162 0.04197
v 0.29407 -0.17709 0.13078
v 0.37408 -0.32167 0.19012
v 0.40434 -0.49337 0.21096
v 0.38024 -0.66603 0.19012
v 0.30543 -0.81338 0.13078
v 0.19132 -0.91298 0.04197
v 0.05528 -0.94967 -0.06279
v -0.08199 -0.91787 -0.16755
v -0.19959 -0.82240 -0.25636
v -0.27960 -0.67782 -0.31570
v -0.30986 -0.50613 -0.33654
v -0.28576 -0.33346 -0.31570
v -0.21095 -0.18611 -0.25636
v -0.09684 -0.08651 -0.16755
v 0.07935 -0.04917 -0.12533
v 0.21530 -0.07866 -0.01821
v 0.33296 -0.17213 0.07261
v 0.41442 -0.31535 0.13330
v 0.44728 -0.48650 0.15460
v 0.42653 -0.65955 0.13330
v 0.35533 -0.80813 0.07261
v 0.24453 -0.90964 -0.01821
v 0.11099 -0.94861 -0.12533
v -0.02496 -0.91912 -0.23246
v -0.14263 -0.82565 -0.32328
v -0.22409 -0.68243 -0.38396
v -0.25694 -0.51127 -0.40527
v -0.23619 -0.33823 -0.38396
v -0.16500 -0.18965 -0.32328
v -0.05419 -0.08814 -0.23246
v 0.11761 -0.04796 -0.18738
v 0.25151 -0.07427 -0.07689
v 0.36910 -0.16497 0.01677
v 0.45250 -0.30624 0.07936
v 0.48899 -0.47658 0.10134
v 0.47303 -0.65004 0.07936
v 0.40705 -0.80024 0.01677
v 0.30108 -0.90429 -0.07689
v 0.17127 -0.94636 -0.18738
v 0.03737 -0.92004 -0.29787
v -0.08023 -0.82934 -0.39154
v -0.16362 -0.68807 -0.45412
v -0.20012 -0.51774 -0.47610
v -0.18416 -0.34427 -0.45412
v -0.11817 -0.19408 -0.39154
v -0.01221 -0.09003 -0.29787
v 0.15393 -0.04603 -0.24869
v 0.28506 -0.06823 -0.13405
v 0.40257 -0.15527 -0.03686
v 0.48857 -0.29389 0.02808
v 0.52998 -0.46299 0.05088
v 0.52048 -0.63682 0.02808
v 0.46153 -0.78893 -0.03686
v 0.36210 -0.89615 -0.13405
v 0.23732 -0.94216 -0.24869
v 0.10620 -0.91996 -0.36333
v -0.01131 -0.83293 -0.46052
v -0.09732 -0.69431 -0.52546
v -0.13872 -0.52521 -0.54826
v -0.12923 -0.35138 -0.52546
v -0.07028 -0.19927 -0.46052
v 0.02916 -0.09205 -0.36333
v 0.18860 -0.04321 -0.30902
v 0.31621 -0.06044 -0.18965
v 0.43361 -0.14292 -0.08845
v 0.52295 -0.27811 -0.02083
v 0.57061 -0.44542 0.00291
v 0.56934 -0.61939 -0.02083
v 0.51933 -0.77352 -0.08845
v 0.42821 -0.88435 -0.18965
v 0.30983 -0.93501 -0.30902
v 0.18222 -0.91779 -0.42839
v 0.06482 -0.83530 -0.52958
v -0.02452 -0.70011 -0.59720
v -0.07218 -0.53280 -0.62094
v -0.07091 -0.35884 -0.59720
v -0.02090 -0.20471 -0.52958
v 0.07022 -0.09387 -0.42839
v 0.22212 -0.03926 -0.36812
v 0.34542 -0.05085 -0.24367
v 0.46266 -0.12800 -0.13816
v 0.55597 -0.25897 -0.06766
v 0.61116 -0.42380 -0.04290
v 0.61982 -0.59741 -0.06766
v 0.58064 -0.75337 -0.13816
v 0.49957 -0.86793 -0.24367
v 0.38896 -0.92366 -0.36812
v 0.26566 -0.91206 -0.49258
v 0.14842 -0.83491 -0.59809
v 0.05511 -0.70395 -0.66859
v -0.00008 -0.53911 -0.69335
v -0.00874 -0.36550 -0.66859
v 0.03045 -0.20954 -0.59809
v 0.11151 -0.09498 -0.49258
v 0.25508 -0.03386 -0.42578
v 0.37329 -0.03946 -0.29607
v 0.49020 -0.11066 -0.18611
v 0.58802 -0.23660 -0.11263
v 0.65185 -0.39812 -0.08683
v 0.67199 -0.57062 -0.11263
v 0.64535 -0.72785 -0.18611
v 0.57600 -0.84587 -0.29607
v 0.47449 -0.90670 -0.42578
v 0.35628 -0.90110 -0.55549
v 0.23937 -0.82990 -0.66545
v 0.14155 -0.70396 -0.73892
v 0.07772 -0.54244 -0.76473
v 0.05759 -0.36994 -0.73892
v 0.08422 -0.21271 -0.66545
v 0.15357 -0.09469 -0.55549
v 0.28808 -0.02662 -0.48175
v 0.40041 -0.02618 -0.34681
v 0.51678 -0.09098 -0.23240
v 0.61947 -0.21115 -0.15596
v 0.69286 -0.36838 -0.12912
v 0.72576 -0.53875 -0.15596
v 0.71317 -0.69632 -0.23240
v 0.65701 -0.81709 -0.34681
v 0.56582 -0.88269 -0.48175
v 0.45349 -0.88312 -0.61670
v 0.33712 -0.81832 -0.73110
v 0.23442 -0.69816 -0.80754
v 0.16104 -0.54092 -0.83439
v 0.12814 -0.37055 -0.80754
v 0.14073 -0.21299 -0.73110
v 0.19689 -0.09221 -0.61670
v 0.32162 -0.01704 -0.53583
v 0.42736 -0.01083 -0.39580
v 0.54293 -0.06899 -0.27709
v 0.65071 -0.18266 -0.19777
v 0.73430 -0.33453 -0.16992
v 0.78098 -0.50148 -0.19777
v 0.78364 -0.65810 -0.27709
v 0.74187 -0.78055 -0.39580
v 0.66204 -0.85017 -0.53583
v 0.55629 -0.85638 -0.67585
v 0.44073 -0.79822 -0.79456
v 0.33295 -0.68455 -0.87388
v 0.24935 -0.53268 -0.90174
v 0.20267 -0.36573 -0.87388
v 0.20001 -0.20910 -0.79456
v 0.24178 -0.08666 -0.67585
v 0.35605 -0.00452 -0.58779
v 0.45464 0.00692 -0.44295
v 0.56912 -0.04452 -0.32016
v 0.68206 -0.15102 -0.23812
v 0.77627 -0.29636 -0.20931
v 0.83741 -0.45841 -0.23812
v 0.85616 -0.61251 -0.32016
v 0.82967 -0.73519 -0.44295
v 0.76198 -0.80778 -0.58779
v 0.66339 -0.81922 -0.73262
v 0.54891 -0.76778 -0.85541
v 0.43597 -0.66128 -0.93745
v 0.34176 -0.51594 -0.96626
v 0.28063 -0.35389 -0.93745
v 0.26187 -0.19979 -0.85541
v 0.28836 -0.07711 -0.73262
v 0.39155 0.01160 -0.63742
v 0.48258 0.02753 -0.48813
v 0.59574 -0.01727 -0.36157
v 0.71379 -0.11596 -0.27700
v 0.81876 -0.25354 -0.24730
v 0.89468 -0.40905 -0.27700
v 0.92998 -0.55882 -0.36157
v 0.91930 -0.68005 -0.48813
v 0.86425 -0.75427 -0.63742
v 0.77322 -0.77021 -0.78672
v 0.66006 -0.72541 -0.91328
v 0.54201 -0.62671 -0.99785
v 0.43704 -0.48914 -1.02755
v 0.36112 -0.33363 -0.99785
v 0.32582 -0.18386 -0.91328
v 0.33650 -0.06263 -0.78672
v 0.42808 0.03204 -0.68455
v 0.51136 0.05156 -0.53121
v 0.62299 0.01325 -0.40121
v 0.74599 -0.07706 -0.31435
v 0.86163 -0.20561 -0.28385
v 0.95231 -0.35284 -0.31435
v 1.00422 -0.49633 -0.40121
v 1.00945 -0.61424 -0.53121
v 0.96722 -0.68861 -0.68455
v 0.88394 -0.70813 -0.83789
v 0.77231 -0.66983 -0.96788
v 0.64931 -0.57952 -1.05474
v 0.53367 -0.45097 -1.08524
v 0.44299 -0.30374 -1.05474
v 0.39108 -0.16025 -0.96788
v 0.38585 -0.04234 -0.83789
v 0.46540 0.05752 -0.72897
v 0.54094 0.07966 -0.57202
v 0.65093 0.04761 -0.43897
v 0.77863 -0.03373 -0.35006
v 0.90460 -0.15200 -0.31885
v 1.00966 -0.28917 -0.35006
v 1.07781 -0.42438 -0.43897
v 1.09868 -0.53703 -0.57202
v 1.06909 -0.60997 -0.72897
v 0.99355 -0.63211 -0.88592
v 0.88356 -0.60006 -1.01897
v 0.75586 -0.51872 -1.10787
v 0.62989 -0.40045 -1.13909
v 0.52483 -0.26328 -1.10787
v 0.45668 -0.12807 -1.01897
v 0.43581 -0.01542 -0.88592
v 0.50302 0.08876 -0.77051
v 0.57107 0.11252 -0.61041
v 0.67937 0.08651 -0.47468
v 0.81144 0.01466 -0.38399
v 0.94716 -0.09208 -0.35214
v 1.06589 -0.21745 -0.38399
v 1.14953 -0.34238 -0.47468
v 1.18537 -0.44784 -0.61041
v 1.16793 -0.51778 -0.77051
v 1.09989 -0.54155 -0.93062
v 0.99158 -0.51553 -1.06635
v 0.85952 -0.44369 -1.15704
v 0.72379 -0.33695 -1.18888
v 0.60506 -0.21158 -1.15704
v 0.52142 -0.08665 -1.06635
v 0.48558 0.01882 -0.93062
v 0.54028 0.12636 -0.80902
v 0.60127 0.15084 -0.64620
v 0.70790 0.13063 -0.50817
v 0.84391 0.06880 -0.41594
v 0.98862 -0.02522 -0.38356
v 1.11998 -0.13713 -0.41594
v 1.21801 -0.24988 -0.50817
v 1.26777 -0.34632 -0.64620
v 1.26169 -0.41176 -0.80902
v 1.20069 -0.43624 -0.97183
v 1.09407 -0.41603 -1.10986
v 0.95805 -0.35421 -1.20209
v 0.81335 -0.26019 -1.23448
v 0.68198 -0.14828 -1.20209
v 0.58396 -0.03552 -1.10986
v 0.53420 0.06092 -0.97183
v 0.57632 0.17085 -0.84433
v 0.63087 0.19522 -0.67922
v 0.73587 0.18064 -0.53925
v 0.87533 0.12935 -0.44573
v 1.02803 0.04915 -0.41288
v 1.17072 -0.04775 -0.44573
v 1.28168 -0.14660 -0.53925
v 1.34401 -0.23235 -0.67922
v 1.34822 -0.29194 -0.84433
v 1.29367 -0.31630 -1.00943
v 1.18868 -0.30172 -1.14940
v 1.04921 -0.25043 -1.24293
v 0.89651 -0.17023 -1.27577
v 0.75382 -0.07333 -1.24293
v 0.64286 0.02552 -1.14940
v 0.58053 0.11126 -1.00943
v 0.61012 0.22262 -0.87631
v 0.65895 0.24618 -0.70931
v 0.76241 0.23713 -0.56773
v 0.90474 0.19685 -0.47313
v 1.06427 0.13147 -0.43992
v 1.21672 0.05095 -0.47313
v 1.33888 -0.03247 -0.56773
v 1.41215 -0.10606 -0.70931
v 1.42537 -0.15865 -0.87631
v 1.37654 -0.18221 -1.04331
v 1.27308 -0.17316 -1.18488
v 1.13075 -0.13288 -1.27948
v 0.97122 -0.06750 -1.31270
v 0.81877 0.01302 -1.27948
v 0.69661 0.09643 -1.18488
v 0.62334 0.17003 -1.04331
v 0.64051 0.28184 -0.90483
v 0.68445 0.30408 -0.73630
v 0.78645 0.30052 -0.59342
v 0.93097 0.27171 -0.49796
v 1.09600 0.22203 -0.46443
v 1.25643 0.15904 -0.49796
v 1.38783 0.09234 -0.59342
v 1.47020 0.03208 -0.73630
v 1.49099 -0.01257 -0.90483
v 1.44705 -0.03481 -1.07336
v 1.34505 -0.03125 -1.21623
v 1.20053 -0.00244 -1.31170
v 1.03550 0.04724 -1.34522
v 0.87507 0.11023 -1.31170
v 0.74367 0.17693 -1.21623
v 0.66130 0.23719 -1.07336
v 0.66624 0.34853 -0.92978
v 0.70617 0.36909 -0.76004
v 0.80676 0.37106 -0.61614
v 0.95269 0.35412 -0.51999
v 1.12176 0.32086 -0.48623
v 1.28821 0.27635 -0.51999
v 1.42672 0.22735 -0.61614
v 1.51618 0.18133 -0.76004
v 1.54299 0.14530 -0.92978
v 1.50306 0.12473 -1.09952
v 1.40247 0.12277 -1.24341
v 1.25654 0.13970 -1.33956
v 1.08747 0.17296 -1.37333
v 0.92102 0.21747 -1.33956
v 0.78252 0.26647 -1.24341
v 0.69305 0.31249 -1.09952
v 0.68599 0.42244 -0.95106
v 0.72278 0.44117 -0.78040
v 0.82197 0.44875 -0.63572
v 0.96847 0.44405 -0.53905
v 1.13997 0.42777 -0.50510
v 1.31036 0.40241 -0.53905
v 1.45370 0.37180 -0.63572
v 1.54817 0.34063 -0.78040
v 1.57939 0.31362 -0.95106
v 1.54260 0.29490 -1.12172
v 1.44341 0.28732 -1.26640
v 1.29691 0.29202 -1.36307
v 1.12542 0.30829 -1.39701
v 0.95503 0.33366 -1.36307
v 0.81168 0.36427 -1.26640
v 0.71721 0.39544 -1.12172
v 0.69844 0.50314 -0.96858
v 0.73293 0.52001 -0.79725
v 0.83067 0.53336 -0.65200
v 0.97678 0.54118 -0.55495
v 1.14902 0.54226 -0.52087
v 1.32116 0.53644 -0.55495
v 1.46700 0.52462 -0.65200
v 1.56434 0.50858 -0.79725
v 1.59835 0.49077 -0.96858
v 1.56386 0.47390 -1.13992
v 1.46612 0.46055 -1.28516
v 1.32001 0.45273 -1.38222
v 1.14777 0.45165 -1.41630
v 0.97563 0.45747 -1.38222
v 0.82979 0.46929 -1.28516
v 0.73245 0.48533 -1.13992
v 0.70226 0.58991 -0.98229
v 0.73523 0.60506 -0.81050
v 0.83139 0.62438 -0.66486
v 0.97609 0.64490 -0.56755
v 1.14730 0.66352 -0.53338
v 1.31897 0.67739 -0.56755
v 1.46495 0.68441 -0.66486
v 1.56302 0.68350 -0.81050
v 1.59825 0.67481 -0.98229
v 1.56528 0.65965 -1.15408
v 1.46912 0.64034 -1.29971
v 1.32442 0.61982 -1.39703
v 1.15321 0.60120 -1.43120
v 0.98154 0.58733 -1.39703
v 0.83557 0.58031 -1.29971
v 0.73749 0.58121 -1.15408
v 0.69623 0.68181 -0.99211
v 0.72838 0.69553 -0.82005
v 0.82272 0.72100 -0.67418
v 0.96491 0.75433 -0.57671
v 1.13330 0.79045 -0.54248
v 1.30223 0.82387 -0.57671
v 1.44601 0.84950 -0.67418
v 1.54274 0.86343 -0.82005
v 1.57769 0.86354 -0.99211
v 1.54555 0.84982 -1.16418
v 1.45120 0.82436 -1.31005
v 1.30901 0.79103 -1.40752
v 1.14063 0.75490 -1.44175
v 0.97169 0.72148 -1.40752
v 0.82791 0.69586 -1.31005
v 0.73118 0.68193 -1.16418
v 0.67921 0.77769 -0.99803
v 0.71111 0.79036 -0.82583
v 0.80335 0.82217 -0.67986
v 0.94187 0.86828 -0.58232
v 1.10559 0.92167 -0.54806
v 1.26959 0.97422 -0.58232
v 1.40889 1.01792 -0.67986
v 1.50229 1.04612 -0.82583
v 1.53557 1.05453 -0.99803
v 1.50367 1.04187 -1.17022
v 1.41143 1.01006 -1.31620
v 1.27291 0.96394 -1.41374
v 1.10919 0.91055 -1.44799
v 0.94519 0.85800 -1.41374
v 0.80589 0.81430 -1.31620
v 0.71249 0.78610 -1.17022
v 0.65022 0.87616 -1.00000
v 0.68235 0.88824 -0.82781
v 0.77207 0.92656 -0.68183
v 0.90573 0.98530 -0.58429
v 1.06297 1.05551 -0.55004
v 1.21987 1.12651 -0.58429
v 1.35252 1.18748 -0.68183
v 1.44074 1.22914 -0.82781
v 1.47110 1.24516 -1.00000
v 1.43897 1.23308 -1.17219
v 1.34925 1.19476 -1.31817
v 1.21559 1.13602 -1.41571
v 1.05835 1.06581 -1.44996
v 0.90145 0.99481 -1.41571
v 0.76880 0.93384 -1.31817
v 0.68058 0.89218 -1.17219
v 0.60848 0.97567 -0.99803
v 0.64117 0.98767 -0.82593
v 0.72790 1.03263 -0.68004
v 0.85547 1.10370 -0.58256
v 1.00446 1.19007 -0.54832
v 1.15219 1.27858 -0.58256
v 1.27616 1.35576 -0.68004
v 1.35751 1.40985 -0.82593
v 1.38384 1.43263 -0.99803
v 1.35115 1.42063 -1.17012
v 1.26442 1.37567 -1.31601
v 1.13685 1.30460 -1.41350
v 0.98786 1.21823 -1.44773
v 0.84013 1.12972 -1.41350
v 0.71616 1.05255 -1.31601
v 0.63481 0.99845 -1.17012
v 0.55342 1.07448 -0.99211
v 0.58687 1.08696 -0.82020
v 0.67006 1.13862 -0.67446
v 0.79031 1.22159 -0.57708
v 0.92934 1.32324 -0.54288
v 1.06596 1.42809 -0.57708
v 1.17938 1.52018 -0.67446
v 1.25234 1.58549 -0.82020
v 1.27372 1.61408 -0.99211
v 1.24027 1.60160 -1.16403
v 1.15709 1.54994 -1.30977
v 1.03683 1.46697 -1.40715
v 0.89781 1.36532 -1.44135
v 0.76119 1.26047 -1.40715
v 0.64776 1.16838 -1.30977
v 0.57481 1.10307 -1.16403
v 0.48474 1.17076 -0.98229
v 0.51902 1.18428 -0.81062
v 0.59804 1.24262 -0.66508
v 0.70977 1.33690 -0.56784
v 0.83721 1.45276 -0.53369
v 0.96094 1.57256 -0.56784
v 1.06214 1.67807 -0.66508
v 1.12539 1.75322 -0.81062
v 1.14107 1.78657 -0.98229
v 1.10679 1.77305 -1.15396
v 1.02776 1.71470 -1.29949
v 0.91603 1.62043 -1.39674
v 0.78860 1.50457 -1.43088
v 0.66486 1.38477 -1.39674
v 0.56367 1.27926 -1.29949
v 0.50041 1.20411 -1.15396
v 0.40237 1.26257 -0.96858
v 0.43744 1.27768 -0.79720
v 0.51164 1.34260 -0.65191
v 0.61367 1.44744 -0.55484
v 0.72801 1.57626 -0.52075
v 0.83725 1.70943 -0.55484
v 0.92475 1.82668 -0.65191
v 0.97720 1.91016 -0.79720
v 0.98660 1.94717 -0.96858
v 0.95154 1.93206 -1.13996
v 0.87734 1.86714 -1.28525
v 0.77530 1.76229 -1.38233
v 0.66096 1.63348 -1.41642
v 0.55173 1.50031 -1.38233
v 0.46423 1.38305 -1.28525
v 0.41178 1.29957 -1.13996
v 0.30659 1.34795 -0.95106
v 0.34227 1.36515 -0.78000
v 0.41095 1.43644 -0.63499
v 0.50217 1.55098 -0.53809
v 0.60205 1.69132 -0.50407
v 0.69537 1.83610 -0.53809
v 0.76794 1.96328 -0.63499
v 0.80870 2.05349 -0.78000
v 0.81145 2.09301 -0.95106
v 0.77577 2.07581 -1.12211
v 0.70709 2.00451 -1.26712
v 0.61586 1.88998 -1.36402
v 0.51599 1.74963 -1.39804
v 0.42266 1.60485 -1.36402
v 0.35010 1.47768 -1.26712
v 0.30934 1.38746 -1.12211
v 0.19791 1.42493 -0.92978
v 0.23394 1.44468 -0.75907
v 0.29639 1.52204 -0.61435
v 0.37576 1.64524 -0.51765
v 0.45997 1.79553 -0.48370
v 0.53619 1.95001 -0.51765
v 0.59282 2.08518 -0.61435
v 0.62124 2.18046 -0.75907
v 0.61712 2.22134 -0.92978
v 0.58110 2.20159 -1.10048
v 0.51864 2.12423 -1.24520
v 0.43927 2.00103 -1.34190
v 0.35507 1.85074 -1.37586
v 0.27885 1.69626 -1.34190
v 0.22222 1.56108 -1.24520
v 0.19380 1.46581 -1.10048
v 0.07720 1.49161 -0.90483
v 0.11321 1.51429 -0.73448
v 0.16873 1.59730 -0.59007
v 0.23531 1.72801 -0.49358
v 0.30281 1.88652 -0.45969
v 0.36096 2.04869 -0.49358
v 0.40090 2.18984 -0.59007
v 0.41655 2.28847 -0.73448
v 0.40553 2.32958 -0.90483
v 0.36952 2.30690 -1.07517
v 0.31400 2.22389 -1.21958
v 0.24742 2.09318 -1.31608
v 0.17992 1.93467 -1.34996
v 0.12177 1.77250 -1.31608
v 0.08183 1.63135 -1.21958
v 0.06618 1.53272 -1.07517
v -0.05444 1.54617 -0.87631
v -0.01888 1.57209 -0.70633
v 0.02903 1.66023 -0.56223
v 0.08199 1.79717 -0.46594
v 0.13195 1.96206 -0.43213
v 0.17130 2.12980 -0.46594
v 0.19405 2.27486 -0.56223
v 0.19673 2.37514 -0.70633
v 0.17894 2.41538 -0.87631
v 0.14338 2.38946 -1.04629
v 0.09547 2.30132 -1.19039
v 0.04251 2.16438 -1.28667
v -0.00745 1.99949 -1.32048
v -0.04680 1.83175 -1.28667
v -0.06955 1.68669 -1.19039
v -0.07223 1.58641 -1.04629
v -0.19558 1.58694 -0.84433
v -0.16098 1.61632 -0.67472
v -0.12133 1.70895 -0.53093
v -0.08266 1.85074 -0.43485
v -0.05088 2.02009 -0.40111
v -0.03081 2.19123 -0.43485
v -0.02551 2.33809 -0.53093
v -0.03579 2.43833 -0.67472
v -0.06008 2.47668 -0.84433
v -0.09468 2.44730 -1.01394
v -0.13434 2.35467 -1.15773
v -0.17300 2.21288 -1.25381
v -0.20478 2.04353 -1.28754
v -0.22485 1.87239 -1.25381
v -0.23015 1.72553 -1.15773
v -0.21987 1.62529 -1.01394
v -0.34457 1.61244 -0.80902
v -0.31146 1.64540 -0.63977
v -0.28065 1.74179 -0.49628
v -0.25684 1.88695 -0.40041
v -0.24365 2.05877 -0.36674
v -0.24308 2.23109 -0.40041
v -0.25524 2.37768 -0.49628
v -0.27825 2.47623 -0.63977
v -0.30863 2.51172 -0.80902
v -0.34174 2.47876 -0.97827
v -0.37255 2.38237 -1.12175
v -0.39637 2.23721 -1.21763
v -0.40956 2.06540 -1.25129
v -0.41012 1.89307 -1.21763
v -0.39797 1.74648 -1.12175
v -0.37495 1.64794 -0.97827
v -0.49952 1.62141 -0.77051
v -0.46847 1.65797 -0.60161
v -0.44702 1.75730 -0.45842
v -0.43843 1.90427 -0.36275
v -0.44403 2.07652 -0.32915
v -0.46295 2.24781 -0.36275
v -0.49232 2.39208 -0.45842
v -0.52765 2.48735 -0.60161
v -0.56359 2.51913 -0.77051
v -0.59464 2.48257 -0.93942
v -0.61610 2.38325 -1.08260
v -0.62468 2.23627 -1.17828
v -0.61908 2.06403 -1.21188
v -0.60016 1.89273 -1.17828
v -0.57080 1.74847 -1.08260
v -0.53546 1.65319 -0.93942
v -0.65835 1.61287 -0.72897
v -0.62993 1.65294 -0.56040
v -0.61826 1.75429 -0.41750
v -0.62512 1.90148 -0.32201
v -0.64947 2.07210 -0.28848
v -0.68761 2.24018 -0.32201
v -0.73371 2.38012 -0.41750
v -0.78077 2.47064 -0.56040
v -0.82163 2.49793 -0.72897
v -0.85005 2.45786 -0.89754
v -0.86172 2.35651 -1.04044
v -0.85486 2.20932 -1.13592
v -0.83050 2.03870 -1.16945
v -0.79237 1.87062 -1.13592
v -0.74627 1.73067 -1.04044
v -0.69920 1.64016 -0.89754
v -0.81882 1.58609 -0.68455
v -0.79359 1.62950 -0.51630
v -0.79203 1.73188 -0.37366
v -0.81438 1.87764 -0.27836
v -0.85723 2.04459 -0.24489
v -0.91405 2.20732 -0.27836
v -0.97621 2.34104 -0.37366
v -1.03423 2.42541 -0.51630
v -1.07928 2.44757 -0.68455
v -1.10451 2.40416 -0.85280
v -1.10606 2.30178 -0.99543
v -1.08372 2.15602 -1.09074
v -1.04087 1.98907 -1.12420
v -0.98404 1.82634 -1.09074
v -0.92189 1.69262 -0.99543
v -0.86387 1.60825 -0.85280
v -0.97858 1.54069 -0.63742
v -0.95709 1.58716 -0.46947
v -0.96586 1.68952 -0.32709
v -1.00354 1.83220 -0.23195
v -1.06440 1.99348 -0.19854
v -1.13917 2.14879 -0.23195
v -1.21647 2.27450 -0.32709
v -1.28453 2.35146 -0.46947
v -1.33300 2.36796 -0.63742
v -1.35448 2.32150 -0.80538
v -1.34571 2.21913 -0.94776
v -1.30803 2.07645 -1.04290
v -1.24717 1.91517 -1.07630
v -1.17240 1.75986 -1.04290
v -1.09510 1.63416 -0.94776
v -1.02704 1.55719 -0.80538
v -1.13521 1.47660 -0.58779
v -1.11798 1.52576 -0.42011
v -1.13716 1.62702 -0.27796
v -1.18985 1.76497 -0.18298
v -1.26801 1.91862 -0.14962
v -1.35975 2.06456 -0.18298
v -1.45111 2.18059 -0.27796
v -1.52817 2.24903 -0.42011
v -1.57920 2.25947 -0.58779
v -1.59643 2.21031 -0.75546
v -1.57725 2.10905 -0.89761
v -1.52456 1.97109 -0.99259
v -1.44640 1.81745 -1.02595
v -1.35466 1.67151 -0.99259
v -1.26330 1.55548 -0.89761
v -1.18624 1.48704 -0.75546
v -1.28630 1.39411 -0.53583
v -1.27377 1.44549 -0.36840
v -1.30334 1.54453 -0.22646
v -1.37051 1.67614 -0.13162
v -1.46506 1.82029 -0.09832
v -1.57259 1.95504 -0.13162
v -1.67673 2.05987 -0.22646
v -1.76163 2.11881 -0.36840
v -1.81436 2.12291 -0.53583
v -1.82690 2.07152 -0.70325
v -1.79733 1.97249 -0.84519
v -1.73015 1.84087 -0.94003
v -1.63561 1.69672 -0.97333
v -1.52807 1.56197 -0.94003
v -1.42393 1.45715 -0.84519
v -1.33903 1.39820 -0.70325
v -1.42945 1.29381 -0.48175
v -1.42200 1.34689 -0.31455
v -1.46179 1.44257 -0.17281
v -1.54275 1.56628 -0.07810
v -1.65256 1.69918 -0.04484
v -1.77451 1.82105 -0.07810
v -1.89002 1.91334 -0.17281
v -1.98151 1.96198 -0.31455
v -2.03506 1.95958 -0.48175
v -2.04250 1.90650 -0.64895
v -2.00272 1.81082 -0.79070
v -1.92175 1.68711 -0.88541
v -1.81194 1.55420 -0.91867
v -1.69000 1.43233 -0.88541
v -1.57449 1.34005 -0.79070
v -1.48300 1.29141 -0.64895
v -1.56235 1.17667 -0.42578
v -1.56030 1.23085 -0.25878
v -1.61000 1.32204 -0.11720
v -1.70388 1.43635 -0.02260
v -1.82764 1.55638 0.01061
v -1.96245 1.66387 -0.02260
v -2.08777 1.74243 -0.11720
v -2.18454 1.78013 -0.25878
v -2.23802 1.77120 -0.42578
v -2.24007 1.71702 -0.59278
v -2.19037 1.62584 -0.73436
v -2.09649 1.51152 -0.82895
v -1.97273 1.39149 -0.86217
v -1.83793 1.28400 -0.82895
v -1.71260 1.20544 -0.73436
v -1.61583 1.16775 -0.59278
v -1.68283 1.04395 -0.36812
v -1.68641 1.09857 -0.20130
v -1.74558 1.18416 -0.05987
v -1.85132 1.28768 0.03463
v -1.98755 1.39337 0.06782
v -2.13351 1.48514 0.03463
v -2.26700 1.54902 -0.05987
v -2.36768 1.57529 -0.20130
v -2.42023 1.55993 -0.36812
v -2.41665 1.50530 -0.53495
v -2.35748 1.41971 -0.67638
v -2.25173 1.31620 -0.77088
v -2.11551 1.21050 -0.80407
v -1.96954 1.11873 -0.77088
v -1.83606 1.05486 -0.67638
v -1.73538 1.02859 -0.53495
v -1.78889 0.89721 -0.30902
v -1.79823 0.95159 -0.14233
v -1.86629 1.03052 -0.00103
v -1.98271 1.12196 0.09339
v -2.12975 1.21200 0.12655
v -2.28504 1.28694 0.09339
v -2.42493 1.33535 -0.00103
v -2.52813 1.34988 -0.14233
v -2.57892 1.32831 -0.30902
v -2.56958 1.27392 -0.47570
v -2.50152 1.19500 -0.61701
v -2.38511 1.10355 -0.71143
v -2.23806 1.01351 -0.74458
v -2.08278 0.93858 -0.71143
v -1.94288 0.89016 -0.61701
v -1.83968 0.87563 -0.47570
v -1.87876 0.73829 -0.24869
v -1.89391 0.79172 -0.08212
v -1.97015 0.86296 0.05909
v -2.09588 0.94118 0.15344
v -2.25196 1.01446 0.18657
v -2.41463 1.07164 0.15344
v -2.55912 1.10403 0.05909
v -2.66344 1.10668 -0.08212
v -2.71170 1.07920 -0.24869
v -2.69655 1.02577 -0.41526
v -2.62031 0.95453 -0.55647
v -2.49458 0.87631 -0.65082
v -2.33850 0.80303 -0.68395
v -2.17583 0.74585 -0.65082
v -2.03134 0.71346 -0.55647
v -1.92702 0.71081 -0.41526
v -1.95094 0.56926 -0.18738
v -1.97182 0.62101 -0.02090
v -2.05540 0.68364 0.12023
v -2.18898 0.74763 0.21454
v -2.35220 0.80323 0.24765
v -2.52022 0.84198 0.21454
v -2.66746 0.85797 0.12023
v -2.77150 0.84878 -0.02090
v -2.81651 0.81581 -0.18738
v -2.79563 0.76407 -0.35386
v -2.71204 0.70143 -0.49500
v -2.57847 0.63745 -0.58930
v -2.41525 0.58185 -0.62241
v -2.24723 0.54310 -0.58930
v -2.09999 0.52710 -0.49500
v -1.99595 0.53629 -0.35386
v -2.00419 0.39240 -0.12533
v -2.03064 0.44173 0.04109
v -2.12062 0.49490 0.18217
v -2.26044 0.54382 0.27644
v -2.42880 0.58105 0.30955
v -2.60009 0.60090 0.27644
v -2.74822 0.60037 0.18217
v -2.85063 0.57953 0.04109
v -2.89175 0.54155 -0.12533
v -2.86531 0.49222 -0.29175
v -2.77533 0.43905 -0.43284
v -2.63551 0.39013 -0.52711
v -2.46714 0.35291 -0.56021
v -2.29586 0.33305 -0.52711
v -2.14773 0.33358 -0.43284
v -2.04531 0.35443 -0.29175
v -2.03763 0.21012 -0.06279
v -2.06937 0.25633 0.10360
v -2.16468 0.29930 0.24466
v -2.30906 0.33250 0.33892
v -2.48051 0.35086 0.37201
v -2.65294 0.35160 0.33892
v -2.80010 0.33460 0.24466
v -2.89958 0.30245 0.10360
v -2.93625 0.26005 -0.06279
v -2.90451 0.21384 -0.22918
v -2.80920 0.17087 -0.37024
v -2.66482 0.13767 -0.46450
v -2.49337 0.11931 -0.49759
v -2.32094 0.11857 -0.46450
v -2.17378 0.13557 -0.37024
v -2.07430 0.16772 -0.22918
v -2.05069 0.02496 -0.00000
v -2.08736 0.06737 0.16639
v -2.18684 0.09952 0.30745
v -2.33400 0.11652 0.40171
v -2.50643 0.11578 0.43480
v -2.67788 0.09741 0.40171
v -2.82226 0.06422 0.30745
v -2.91757 0.02125 0.16639
v -2.94931 -0.02496 -0.00000
v -2.91264 -0.06737 -0.16639
v -2.81316 -0.09952 -0.30745
v -2.66600 -0.11652 -0.40171
v -2.49357 -0.11578 -0.43480
v -2.32212 -0.09741 -0.40171
v -2.17774 -0.06422 -0.30745
v -2.08243 -0.02125 -0.16639
v -2.04316 -0.16051 0.06279
v -2.08428 -0.12253 0.22921
v -2.18670 -0.10169 0.37030
v -2.33482 -0.10116 0.46457
v -2.50611 -0.12102 0.49767
v -2.67448 -0.15824 0.46457
v -2.81429 -0.20716 0.37030
v -2.90427 -0.26033 0.22921
v -2.93072 -0.30966 0.06279
v -2.88960 -0.34764 -0.10363
v -2.78718 -0.36848 -0.24472
v -2.63906 -0.36901 -0.33899
v -2.46777 -0.34915 -0.37209
v -2.29940 -0.31193 -0.33899
v -2.15959 -0.26301 -0.24472
v -2.06961 -0.20984 -0.10363
v -2.01519 -0.34370 0.12533
v -2.06020 -0.31073 0.29181
v -2.16424 -0.30154 0.43295
v -2.31148 -0.31754 0.52725
v -2.47950 -0.35629 0.56037
v -2.64272 -0.41189 0.52725
v -2.77629 -0.47587 0.43295
v -2.85988 -0.53851 0.29181
v -2.88076 -0.59025 0.12533
v -2.83575 -0.62322 -0.04115
v -2.73170 -0.63241 -0.18228
v -2.58446 -0.61641 -0.27658
v -2.41644 -0.57767 -0.30970
v -2.25322 -0.52207 -0.27658
v -2.11965 -0.45808 -0.18228
v -2.03606 -0.39545 -0.04115
v -1.96726 -0.52208 0.18738
v -2.01552 -0.49460 0.35395
v -2.11983 -0.49725 0.49516
v -2.26432 -0.52964 0.58951
v -2.42699 -0.58682 0.62264
v -2.58307 -0.66010 0.58951
v -2.70881 -0.73832 0.49516
v -2.78505 -0.80956 0.35395
v -2.80019 -0.86299 0.18738
v -2.75193 -0.89047 0.02081
v -2.64762 -0.88782 -0.12040
v -2.50312 -0.85543 -0.21475
v -2.34046 -0.79825 -0.24788
v -2.18438 -0.72497 -0.21475
v -2.05864 -0.64675 -0.12040
v -1.98240 -0.57551 0.02081
v -1.90021 -0.69320 0.24869
v -1.95101 -0.67162 0.41537
v -2.05421 -0.68615 0.55668
v -2.19410 -0.73457 0.65110
v -2.34939 -0.80950 0.68426
v -2.49643 -0.89954 0.65110
v -2.61284 -0.99098 0.55668
v -2.68090 -1.06991 0.41537
v -2.69025 -1.12430 0.24869
v -2.63945 -1.14587 0.08201
v -2.53625 -1.13134 -0.05930
v -2.39636 -1.08293 -0.15372
v -2.24107 -1.00799 -0.18688
v -2.09403 -0.91795 -0.15372
v -1.97762 -0.82651 -0.05930
v -1.90956 -0.74758 0.08201
v -1.81521 -0.85476 0.30902
v -1.86776 -0.83941 0.47585
v -1.96844 -0.86567 0.61728
v -2.10192 -0.92955 0.71178
v -2.24789 -1.02132 0.74496
v -2.38411 -1.12701 0.71178
v -2.48986 -1.23053 0.61728
v -2.54903 -1.31612 0.47585
v -2.55261 -1.37075 0.30902
v -2.50006 -1.38610 0.14219
v -2.39938 -1.35984 0.00076
v -2.26589 -1.29596 -0.09374
v -2.11993 -1.20419 -0.12693
v -1.98370 -1.09850 -0.09374
v -1.87796 -0.99498 0.00076
v -1.81879 -0.90939 0.14219
v -1.71369 -1.00467 0.36812
v -1.76717 -0.99575 0.53513
v -1.86394 -1.03344 0.67670
v -1.98927 -1.11201 0.77130
v -2.12408 -1.21949 0.80452
v -2.24784 -1.33953 0.77130
v -2.34171 -1.45384 0.67670
v -2.39141 -1.54503 0.53513
v -2.38936 -1.59921 0.36812
v -2.33588 -1.60813 0.20112
v -2.23912 -1.57044 0.05955
v -2.11379 -1.49187 -0.03505
v -1.97898 -1.38439 -0.06827
v -1.85522 -1.26435 -0.03505
v -1.76134 -1.15004 0.05955
v -1.71165 -1.05885 0.20112
v -1.59738 -1.14105 0.42578
v -1.65093 -1.13865 0.59298
v -1.74242 -1.18729 0.73472
v -1.85793 -1.27958 0.82944
v -1.97988 -1.40145 0.86269
v -2.08969 -1.53435 0.82944
v -2.17065 -1.65806 0.73472
v -2.21044 -1.75374 0.59298
v -2.20299 -1.80682 0.42578
v -2.14944 -1.80922 0.25858
v -2.05795 -1.76058 0.11683
v -1.94244 -1.66830 0.02212
v -1.82050 -1.54642 -0.01114
v -1.71068 -1.41352 0.02212
v -1.62972 -1.28981 0.11683
v -1.58994 -1.19413 0.25858
v -1.46822 -1.26229 0.48175
v -1.52095 -1.26639 0.64918
v -1.60585 -1.32533 0.79112
v -1.71000 -1.43016 0.88596
v -1.81753 -1.56491 0.91926
v -1.91208 -1.70906 0.88596
v -1.97925 -1.84068 0.79112
v -2.00882 -1.93971 0.64918
v -1.99628 -1.99110 0.48175
v -1.94355 -1.98700 0.31433
v -1.85865 -1.92805 0.17239
v -1.75451 -1.82323 0.07755
v -1.64698 -1.68848 0.04425
v -1.55243 -1.54433 0.07755
v -1.48526 -1.41271 0.17239
v -1.45569 -1.31368 0.31433
v -1.32834 -1.36707 0.53583
v -1.37937 -1.37751 0.70350
v -1.45643 -1.44595 0.84565
v -1.54778 -1.56198 0.94064
v -1.63953 -1.70792 0.97399
v -1.71769 -1.86157 0.94064
v -1.77037 -1.99952 0.84565
v -1.78956 -2.10078 0.70350
v -1.77233 -2.14994 0.53583
v -1.72129 -2.13950 0.36815
v -1.64423 -2.07106 0.22600
v -1.55288 -1.95504 0.13102
v -1.46114 -1.80909 0.09767
v -1.38297 -1.65545 0.13102
v -1.33029 -1.51749 0.22600
v -1.31110 -1.41623 0.36815
v -1.18000 -1.45440 0.58779
v -1.22846 -1.47090 0.75574
v -1.29652 -1.54786 0.89812
v -1.37382 -1.67357 0.99326
v -1.44859 -1.82888 1.02667
v -1.50945 -1.99016 0.99326
v -1.54713 -2.13284 0.89812
v -1.55590 -2.23520 0.75574
v -1.53442 -2.28167 0.58779
v -1.48595 -2.26517 0.41983
v -1.41789 -2.18820 0.27745
v -1.34059 -2.06250 0.18231
v -1.26582 -1.90719 0.14891
v -1.20496 -1.74591 0.18231
v -1.16728 -1.60323 0.27745
v -1.15851 -1.50086 0.41983
v -1.02555 -1.52358 0.63742
v -1.07061 -1.54575 0.80567
v -1.12863 -1.63011 0.94831
v -1.19078 -1.76384 1.04361
v -1.24761 -1.92656 1.07708
v -1.29045 -2.09352 1.04361
v -1.31280 -2.23928 0.94831
v -1.31124 -2.34166 0.80567
v -1.28602 -2.38507 0.63742
v -1.24096 -2.36290 0.46917
v -1.18295 -2.27854 0.32654
v -1.12079 -2.14481 0.23123
v -1.06396 -1.98209 0.19777
v -1.02112 -1.81514 0.23123
v -0.99877 -1.66937 0.32654
v -1.00033 -1.56700 0.46917
v -0.86741 -1.57430 0.68455
v -0.90826 -1.60159 0.85311
v -0.95533 -1.69211 0.99602
v -1.00143 -1.83205 1.09150
v -1.03956 -2.00013 1.12503
v -1.06392 -2.17075 1.09150
v -1.07078 -2.31794 0.99602
v -1.05911 -2.41929 0.85311
v -1.03069 -2.45936 0.68455
v -0.98983 -2.43207 0.51598
v -0.94277 -2.34156 0.37308
v -0.89667 -2.20161 0.27759
v -0.85853 -2.03353 0.24406
v -0.83418 -1.86291 0.27759
v -0.82732 -1.71572 0.37308
v -0.83899 -1.61437 0.51598
v -0.70796 -1.60654 0.72897
v -0.74389 -1.63832 0.89787
v -0.77923 -1.73359 1.04106
v -0.80859 -1.87786 1.13673
v -0.82751 -2.04915 1.17033
v -0.83311 -2.22140 1.13673
v -0.82453 -2.36837 1.04106
v -0.80308 -2.46770 0.89787
v -0.77202 -2.50426 0.72897
v -0.73609 -2.47248 0.56007
v -0.70075 -2.37721 0.41688
v -0.67138 -2.23294 0.32120
v -0.65246 -2.06164 0.28761
v -0.64687 -1.88940 0.32120
v -0.65545 -1.74242 0.41688
v -0.67690 -1.64310 0.56007
v -0.54953 -1.62063 0.77051
v -0.57990 -1.65613 0.93976
v -0.60292 -1.75467 1.08325
v -0.61507 -1.90127 1.17912
v -0.61451 -2.07359 1.21279
v -0.60132 -2.24541 1.17912
v -0.57751 -2.39056 1.08325
v -0.54670 -2.48696 0.93976
v -0.51358 -2.51991 0.77051
v -0.48321 -2.48442 0.60126
v -0.46019 -2.38587 0.45778
v -0.44804 -2.23928 0.36190
v -0.44860 -2.06696 0.32824
v -0.46179 -1.89514 0.36190
v -0.48561 -1.74998 0.45778
v -0.51641 -1.65359 0.60126
v -0.39435 -1.61721 0.80902
v -0.41864 -1.65556 0.97863
v -0.42892 -1.75580 1.12242
v -0.42362 -1.90266 1.21850
v -0.40355 -2.07380 1.25223
v -0.37177 -2.24315 1.21850
v -0.33311 -2.38494 1.12242
v -0.29346 -2.47757 0.97863
v -0.25885 -2.50695 0.80902
v -0.23456 -2.46860 0.63941
v -0.22428 -2.36837 0.49562
v -0.22958 -2.22150 0.39954
v -0.24965 -2.05036 0.36580
v -0.28144 -1.88101 0.39954
v -0.32010 -1.73922 0.49562
v -0.35975 -1.64659 0.63941
v -0.24452 -1.59720 0.84433
v -0.26231 -1.63745 1.01431
v -0.25963 -1.73773 1.15841
v -0.23688 -1.88278 1.25469
v -0.19753 -2.05052 1.28850
v -0.14757 -2.21542 1.25469
v -0.09461 -2.35236 1.15841
v -0.04670 -2.44050 1.01431
v -0.01114 -2.46642 0.84433
v 0.00665 -2.42617 0.67435
v 0.00397 -2.32589 0.53025
v -0.01878 -2.18084 0.43396
v -0.05813 -2.01310 0.40015
v -0.10809 -1.84820 0.43396
v -0.16105 -1.71126 0.53025
v -0.20896 -1.62312 0.67435
v -0.10192 -1.56179 0.87631
v -0.11294 -1.60290 1.04665
v -0.09728 -1.70153 1.19106
v -0.05734 -1.84268 1.28756
v 0.00080 -2.00485 1.32144
v 0.06831 -2.16336 1.28756
v 0.13488 -2.29407 1.19106
v 0.19041 -2.37708 1.04665
v 0.22642 -2.39976 0.87631
v 0.23743 -2.35865 0.70596
v 0.22178 -2.26002 0.56155
v 0.18184 -2.11887 0.46506
v 0.12369 -1.95670 0.43117
v 0.05619 -1.79819 0.46506
v -0.01039 -1.66748 0.56155
v -0.06591 -1.58447 0.70596
v 0.03176 -1.51239 0.90483
v 0.02764 -1.55327 1.07553
v 0.05606 -1.64854 1.22025
v 0.11269 -1.78372 1.31695
v 0.18891 -1.93820 1.35091
v 0.27312 -2.08849 1.31695
v 0.35249 -2.21169 1.22025
v 0.41494 -2.28905 1.07553
v 0.45097 -2.30880 0.90483
v 0.45509 -2.26792 0.73412
v 0.42666 -2.17264 0.58940
v 0.37003 -2.03747 0.49270
v 0.29381 -1.88299 0.45875
v 0.20961 -1.73270 0.49270
v 0.13024 -1.60950 0.58940
v 0.06779 -1.53214 0.73412
v 0.15509 -1.45060 0.92978
v 0.15784 -1.49012 1.10083
v 0.19860 -1.58033 1.24584
v 0.27116 -1.70751 1.34274
v 0.36449 -1.85229 1.37676
v 0.46437 -1.99263 1.34274
v 0.55559 -2.10717 1.24584
v 0.62427 -2.17847 1.10083
v 0.65995 -2.19566 0.92978
v 0.65720 -2.15615 0.75872
v 0.61644 -2.06594 0.61371
v 0.54387 -1.93876 0.51681
v 0.45055 -1.79398 0.48279
v 0.35067 -1.65364 0.51681
v 0.25945 -1.53910 0.61371
v 0.19077 -1.46780 0.75872
v 0.26690 -1.37818 0.95106
v 0.27631 -1.41518 1.12244
v 0.32876 -1.49866 1.26772
v 0.41626 -1.61592 1.36480
v 0.52549 -1.74909 1.39889
v 0.63983 -1.87790 1.36480
v 0.74187 -1.98275 1.26772
v 0.81607 -2.04767 1.12244
v 0.85113 -2.06278 0.95106
v 0.84172 -2.02577 0.77968
v 0.78928 -1.94229 0.63439
v 0.70178 -1.82504 0.53731
v 0.59254 -1.69187 0.50322
v 0.47820 -1.56305 0.53731
v 0.37617 -1.45820 0.63439
v 0.30197 -1.39328 0.77968
v 0.36632 -1.29696 0.96858
v 0.38200 -1.33031 1.14025
v 0.44525 -1.40546 1.28579
v 0.54645 -1.51097 1.38303
v 0.67018 -1.63077 1.41718
v 0.79762 -1.74663 1.38303
v 0.90935 -1.84091 1.28579
v 0.98837 -1.89925 1.14025
v 1.02265 -1.91278 0.96858
v 1.00698 -1.87942 0.79691
v 0.94372 -1.80427 0.65138
v 0.84253 -1.69877 0.55413
v 0.71879 -1.57896 0.51999
v 0.59136 -1.46310 0.55413
v 0.47963 -1.36883 0.65138
v 0.40060 -1.31049 0.79691
v 0.45275 -1.20886 0.98229
v 0.47414 -1.23745 1.15420
v 0.54709 -1.30276 1.29994
v 0.66051 -1.39486 1.39732
v 0.79714 -1.49971 1.43152
v 0.93616 -1.60135 1.39732
v 1.05642 -1.68432 1.29994
v 1.13960 -1.73598 1.15420
v 1.17305 -1.74846 0.98229
v 1.15167 -1.71987 0.81037
v 1.07871 -1.65456 0.66463
v 0.96529 -1.56247 0.56725
v 0.82867 -1.45762 0.53306
v 0.68964 -1.35597 0.56725
v 0.56939 -1.27301 0.66463
v 0.48620 -1.22135 0.81037
v 0.52589 -1.11580 0.99211
v 0.55223 -1.13858 1.16421
v 0.63357 -1.19268 1.31010
v 0.75755 -1.26985 1.40759
v 0.90527 -1.35836 1.44182
v 1.05426 -1.44473 1.40759
v 1.18184 -1.51580 1.31010
v 1.26857 -1.56076 1.16421
v 1.30125 -1.57276 0.99211
v 1.27492 -1.54998 0.82002
v 1.19357 -1.49589 0.67413
v 1.06960 -1.41871 0.57664
v 0.92187 -1.33020 0.54241
v 0.77288 -1.24384 0.57664
v 0.64531 -1.17276 0.67413
v 0.55858 -1.12780 0.82002
v 0.58572 -1.01966 0.99803
v 0.61608 -1.03567 1.17022
v 0.70430 -1.07733 1.31620
v 0.83695 -1.13830 1.41374
v 0.99385 -1.20930 1.44799
v 1.15109 -1.27951 1.41374
v 1.28475 -1.33825 1.31620
v 1.37447 -1.37657 1.17022
v 1.40660 -1.38865 0.99803
v 1.37624 -1.37263 0.82583
v 1.28802 -1.33097 0.67985
v 1.15537 -1.27000 0.58231
v 0.99847 -1.19900 0.54806
v 0.84123 -1.12879 0.58231
v 0.70757 -1.07005 0.67985
v 0.61785 -1.03173 0.82583
v 0.63248 -0.92224 1.00000
v 0.66576 -0.93065 1.17219
v 0.75916 -0.95885 1.31817
v 0.89846 -1.00255 1.41571
v 1.06246 -1.05510 1.44996
v 1.22618 -1.10849 1.41571
v 1.36470 -1.15461 1.31817
v 1.45694 -1.18642 1.17219
v 1.48884 -1.19908 1.00000
v 1.45556 -1.19067 0.82781
v 1.36216 -1.16247 0.68183
v 1.22286 -1.11877 0.58429
v 1.05886 -1.06622 0.55004
v 0.89514 -1.01283 0.58429
v 0.75662 -0.96671 0.68183
v 0.66438 -0.93490 0.82781
v 0.66666 -0.82525 0.99803
v 0.70161 -0.82536 1.17009
v 0.79834 -0.83929 1.31597
v 0.94211 -0.86492 1.41343
v 1.11105 -0.89833 1.44766
v 1.27944 -0.93446 1.41343
v 1.42162 -0.96779 1.31597
v 1.51597 -0.99326 1.17009
v 1.54812 -1.00698 0.99803
v 1.51317 -1.00686 0.82596
v 1.41644 -0.99293 0.68009
v 1.27266 -0.96731 0.58262
v 1.10372 -0.93389 0.54839
v 0.93534 -0.89776 0.58262
v 0.79315 -0.86443 0.68009
v 0.69880 -0.83897 0.82596
v 0.68897 -0.73023 0.99211
v 0.72420 -0.72153 1.16391
v 0.82227 -0.72063 1.30954
v 0.96825 -0.72764 1.40685
v 1.13991 -0.74152 1.44102
v 1.31113 -0.76013 1.40685
v 1.45583 -0.78066 1.30954
v 1.55198 -0.79997 1.16391
v 1.58495 -0.81513 0.99211
v 1.54972 -0.82382 0.82032
v 1.45165 -0.82473 0.67469
v 1.30567 -0.81771 0.57738
v 1.13401 -0.80384 0.54320
v 0.96279 -0.78522 0.57738
v 0.81809 -0.76469 0.67469
v 0.72194 -0.74538 0.82032
v 0.70030 -0.63854 0.98229
v 0.73431 -0.62073 1.15362
v 0.83165 -0.60470 1.29887
v 0.97749 -0.59287 1.39592
v 1.14963 -0.58705 1.43000
v 1.32187 -0.58814 1.39592
v 1.46798 -0.59595 1.29887
v 1.56572 -0.60931 1.15362
v 1.60021 -0.62618 0.98229
v 1.56620 -0.64398 0.81095
v 1.46886 -0.66002 0.66571
v 1.32302 -0.67185 0.56865
v 1.15088 -0.67766 0.53457
v 0.97864 -0.67658 0.56865
v 0.83253 -0.66877 0.66571
v 0.73479 -0.65541 0.81095
v 0.70170 -0.55137 0.96858
v 0.73292 -0.52436 1.13924
v 0.82739 -0.49319 1.28392
v 0.97073 -0.46258 1.38059
v 1.14112 -0.43721 1.41454
v 1.31262 -0.42094 1.38059
v 1.45911 -0.41624 1.28392
v 1.55831 -0.42382 1.13924
v 1.59509 -0.44254 0.96858
v 1.56388 -0.46955 0.79792
v 1.46940 -0.50072 0.65324
v 1.32606 -0.53133 0.55657
v 1.15567 -0.55670 0.52263
v 0.98417 -0.57297 0.55657
v 0.83768 -0.57767 0.65324
v 0.73848 -0.57009 0.79792
v 0.69432 -0.46965 0.95106
v 0.72112 -0.43361 1.12080
v 0.81059 -0.38759 1.26469
v 0.94910 -0.33860 1.36084
v 1.11555 -0.29408 1.39461
v 1.28461 -0.26082 1.36084
v 1.43055 -0.24389 1.26469
v 1.53114 -0.24585 1.12080
v 1.57107 -0.26642 0.95106
v 1.54426 -0.30246 0.78132
v 1.45479 -0.34847 0.63742
v 1.31629 -0.39747 0.54127
v 1.14983 -0.44199 0.50751
v 0.98077 -0.47524 0.54127
v 0.83483 -0.49218 0.63742
v 0.73424 -0.49021 0.78132
v 0.67937 -0.39412 0.92978
v 0.70017 -0.34947 1.09831
v 0.78253 -0.28921 1.24118
v 0.91393 -0.22251 1.33665
v 1.07436 -0.15952 1.37017
v 1.23940 -0.10984 1.33665
v 1.38392 -0.08103 1.24118
v 1.48591 -0.07747 1.09831
v 1.52986 -0.09971 0.92978
v 1.50907 -0.14435 0.76124
v 1.42670 -0.20462 0.61837
v 1.29530 -0.27132 0.52290
v 1.13487 -0.33430 0.48938
v 0.96983 -0.38398 0.52290
v 0.82532 -0.41280 0.61837
v 0.72332 -0.41635 0.76124
v 0.65812 -0.32527 0.90483
v 0.67135 -0.27268 1.07183
v 0.74462 -0.19908 1.21340
v 0.86677 -0.11567 1.30800
v 1.01922 -0.03515 1.34122
v 1.17876 0.03023 1.30800
v 1.32109 0.07051 1.21340
v 1.42454 0.07956 1.07183
v 1.47338 0.05600 0.90483
v 1.46015 0.00341 0.73783
v 1.38688 -0.07019 0.59625
v 1.26473 -0.15360 0.50165
v 1.11228 -0.23412 0.46844
v 0.95274 -0.29950 0.50165
v 0.81041 -0.33978 0.59625
v 0.70696 -0.34883 0.73783
v 0.63180 -0.26338 0.87631
v 0.63601 -0.20379 1.04141
v 0.69834 -0.11804 1.18138
v 0.80929 -0.01920 1.27491
v 0.95198 0.07770 1.30775
v 1.10468 0.15791 1.27491
v 1.24415 0.20920 1.18138
v 1.34915 0.22377 1.04141
v 1.40369 0.19941 0.87631
v 1.39948 0.13982 0.71120
v 1.33715 0.05408 0.57123
v 1.22620 -0.04477 0.47770
v 1.08351 -0.14167 0.44486
v 0.93081 -0.22187 0.47770
v 0.79134 -0.27317 0.57123
v 0.68634 -0.28774 0.71120
v 0.60157 -0.20852 0.84433
v 0.59549 -0.14308 1.00715
v 0.64525 -0.04664 1.14517
v 0.74327 0.06612 1.23740
v 0.87464 0.17802 1.26979
v 1.01934 0.27205 1.23740
v 1.15536 0.33387 1.14517
v 1.26198 0.35408 1.00715
v 1.32297 0.32960 0.84433
v 1.32905 0.26416 0.68151
v 1.27929 0.16772 0.54348
v 1.18127 0.05497 0.45125
v 1.04991 -0.05694 0.41887
v 0.90520 -0.15096 0.45125
v 0.76918 -0.21279 0.54348
v 0.66256 -0.23300 0.68151
v 0.56853 -0.16057 0.80902
v 0.55109 -0.09063 0.96912
v 0.58693 0.01483 1.10485
v 0.67057 0.13976 1.19554
v 0.78930 0.26514 1.22739
v 0.92502 0.37188 1.19554
v 1.05709 0.44372 1.10485
v 1.16539 0.46974 0.96912
v 1.23344 0.44597 0.80902
v 1.25088 0.37603 0.64891
v 1.21504 0.27057 0.51318
v 1.13140 0.14564 0.42249
v 1.01267 0.02026 0.39065
v 0.87694 -0.08647 0.42249
v 0.74488 -0.15832 0.51318
v 0.63657 -0.18434 0.64891
v 0.53363 -0.11923 0.77051
v 0.50404 -0.04629 0.92746
v 0.52491 0.06636 1.06051
v 0.59306 0.20157 1.14942
v 0.69812 0.33874 1.18064
v 0.82409 0.45701 1.14942
v 0.95179 0.53835 1.06051
v 1.06178 0.57040 0.92746
v 1.13732 0.54826 0.77051
v 1.16691 0.47532 0.61357
v 1.14604 0.36267 0.48051
v 1.07789 0.22746 0.39161
v 0.97283 0.09029 0.36039
v 0.84687 -0.02798 0.39161
v 0.71916 -0.10932 0.48051
v 0.60917 -0.14137 0.61357
v 0.49768 -0.08410 0.72897
v 0.45544 -0.00972 0.88231
v 0.46068 0.10818 1.01230
v 0.51258 0.25168 1.09916
v 0.60326 0.39890 1.12967
v 0.71890 0.52746 1.09916
v 0.84190 0.61776 1.01230
v 0.95354 0.65607 0.88231
v 1.03681 0.63655 0.72897
v 1.07904 0.56217 0.57563
v 1.07381 0.44427 0.44563
v 1.02190 0.30077 0.35877
v 0.93123 0.15354 0.32827
v 0.81559 0.02499 0.35877
v 0.69259 -0.06531 0.44563
v 0.58095 -0.10362 0.57563
v 0.46130 -0.05465 0.68455
v 0.40625 0.01958 0.83384
v 0.39557 0.14081 0.96041
v 0.43087 0.29058 1.04497
v 0.50679 0.44609 1.07467
v 0.61176 0.58366 1.04497
v 0.72981 0.68236 0.96041
v 0.84297 0.72716 0.83384
v 0.93400 0.71122 0.68455
v 0.98905 0.63700 0.53525
v 0.99973 0.51577 0.40869
v 0.96443 0.36600 0.32412
v 0.88851 0.21049 0.29442
v 0.78354 0.07291 0.32412
v 0.66549 -0.02578 0.40869
v 0.55233 -0.07058 0.53525
v 0.42493 -0.03029 0.63742
v 0.35724 0.04230 0.78226
v 0.33076 0.16498 0.90505
v 0.34951 0.31908 0.98709
v 0.41064 0.48113 1.01590
v 0.50485 0.62647 0.98709
v 0.61780 0.73297 0.90505
v 0.73228 0.78441 0.78226
v 0.83087 0.77297 0.63742
v 0.89856 0.70038 0.49259
v 0.92504 0.57770 0.36980
v 0.90629 0.42360 0.28776
v 0.84516 0.26155 0.25895
v 0.75095 0.11621 0.28776
v 0.63800 0.00971 0.36980
v 0.52352 -0.04173 0.49259
v 0.38881 -0.01042 0.58779
v 0.30897 0.05921 0.72781
v 0.26720 0.18165 0.84652
v 0.26986 0.33827 0.92584
v 0.31654 0.50523 0.95369
v 0.40014 0.65710 0.92584
v 0.50792 0.77076 0.84652
v 0.62348 0.82892 0.72781
v 0.72923 0.82272 0.58779
v 0.80906 0.75309 0.44776
v 0.85083 0.63065 0.32905
v 0.84817 0.47403 0.24973
v 0.80149 0.30707 0.22188
v 0.71790 0.15520 0.24973
v 0.61012 0.04153 0.32905
v 0.49455 -0.01662 0.44776
v 0.35296 0.00557 0.53583
v 0.26177 0.07116 0.67077
v 0.20560 0.19194 0.78518
v 0.19302 0.34950 0.86162
v 0.22592 0.51987 0.88846
v 0.29930 0.67711 0.86162
v 0.40200 0.79727 0.78518
v 0.51837 0.86207 0.67077
v 0.63070 0.86164 0.53583
v 0.72188 0.79604 0.40088
v 0.77805 0.67527 0.28648
v 0.79064 0.51770 0.21004
v 0.75774 0.34733 0.18319
v 0.68435 0.19010 0.21004
v 0.58166 0.06993 0.28648
v 0.46529 0.00514 0.40088
v 0.31724 0.01823 0.48175
v 0.21574 0.07907 0.61146
v 0.14639 0.19708 0.72142
v 0.11975 0.35431 0.79490
v 0.13988 0.52682 0.82070
v 0.20371 0.68833 0.79490
v 0.30153 0.81428 0.72142
v 0.41845 0.88547 0.61146
v 0.53665 0.89108 0.48175
v 0.63816 0.83024 0.35204
v 0.70751 0.71222 0.24208
v 0.73415 0.55500 0.16861
v 0.71402 0.38249 0.14281
v 0.65018 0.22097 0.16861
v 0.55236 0.09503 0.24208
v 0.43545 0.02384 0.35204
v 0.28136 0.02808 0.42578
v 0.17076 0.08380 0.55024
v 0.08969 0.19837 0.65575
v 0.05050 0.35432 0.72625
v 0.05917 0.52794 0.75100
v 0.11435 0.69277 0.72625
v 0.20767 0.82373 0.65575
v 0.32490 0.90088 0.55024
v 0.44821 0.91248 0.42578
v 0.55881 0.85675 0.30132
v 0.63988 0.74219 0.19581
v 0.67907 0.58623 0.12531
v 0.67041 0.41262 0.10055
v 0.61522 0.24779 0.12531
v 0.52190 0.11683 0.19581
v 0.40467 0.03968 0.30132
v 0.24493 0.03556 0.36812
v 0.12655 0.08622 0.48749
v 0.03542 0.19705 0.58869
v -0.01458 0.35118 0.65631
v -0.01585 0.52514 0.68005
v 0.03181 0.69246 0.65631
v 0.12114 0.82765 0.58869
v 0.23855 0.91013 0.48749
v 0.36615 0.92735 0.36812
v 0.48453 0.87669 0.24876
v 0.57566 0.76586 0.14756
v 0.62566 0.61173 0.07994
v 0.62693 0.43777 0.05620
v 0.57927 0.27045 0.07994
v 0.48994 0.13527 0.14756
v 0.37253 0.05278 0.24876
v 0.20752 0.04105 0.30902
v 0.08274 0.08706 0.42366
v -0.01669 0.19428 0.52084
v -0.07564 0.34639 0.58578
v -0.08514 0.52023 0.60859
v -0.04373 0.68932 0.58578
v 0.04228 0.82794 0.52084
v 0.15979 0.91498 0.42366
v 0.29091 0.93718 0.30902
v 0.41569 0.89116 0.19438
v 0.51512 0.78394 0.09719
v 0.57407 0.63183 0.03225
v 0.58357 0.45800 0.00945
v 0.54216 0.28890 0.03225
v 0.45615 0.15028 0.09719
v 0.33864 0.06325 0.19438
v 0.16880 0.04490 0.24869
v 0.03899 0.08697 0.35918
v -0.06698 0.19102 0.45284
v -0.13297 0.34121 0.51543
v -0.14893 0.51468 0.53741
v -0.11243 0.68501 0.51543
v -0.02904 0.82628 0.45284
v 0.08856 0.91698 0.35918
v 0.22246 0.94330 0.24869
v 0.35227 0.90123 0.13820
v 0.45824 0.79718 0.04454
v 0.52422 0.64699 -0.01805
v 0.54018 0.47352 -0.04003
v 0.50369 0.30319 -0.01805
v 0.42029 0.16192 0.04454
v 0.30270 0.07122 0.13820
v 0.12862 0.04743 0.18738
v -0.00492 0.08641 0.29451
v -0.11573 0.18791 0.38533
v -0.18692 0.33650 0.44601
v -0.20767 0.50954 0.46732
v -0.17482 0.68070 0.44601
v -0.09336 0.82392 0.38533
v 0.02430 0.91738 0.29451
v 0.16026 0.94688 0.18738
v 0.29380 0.90791 0.08025
v 0.40460 0.80640 -0.01056
v 0.47580 0.65782 -0.07125
v 0.49655 0.48477 -0.09256
v 0.46369 0.31361 -0.07125
v 0.38223 0.17040 -0.01056
v 0.26457 0.07693 0.08025
v 0.08713 0.04896 0.12533
v -0.04892 0.08565 0.23009
v -0.16303 0.18525 0.31890
v -0.23783 0.33260 0.37824
v -0.26193 0.50527 0.39908
v -0.23168 0.67696 0.37824
v -0.15166 0.82155 0.31890
v -0.03406 0.91701 0.23009
v 0.10321 0.94882 0.12533
v 0.23925 0.91213 0.02058
v 0.35336 0.81253 -0.06823
v 0.42816 0.66518 -0.12758
v 0.45227 0.49251 -0.14841
v 0.42201 0.32082 -0.12758
v 0.34199 0.17623 -0.06823
v 0.22440 0.08077 0.02058
v 0.04482 0.04975 0.06279
v -0.09261 0.08475 0.16632
v -0.20874 0.18292 0.25409
v -0.28590 0.32933 0.31274
v -0.31235 0.50168 0.33333
v -0.28405 0.67374 0.31274
v -0.20531 0.81931 0.25409
v -0.08813 0.91623 0.16632
v 0.04966 0.94974 0.06279
v 0.18709 0.91474 -0.04074
v 0.30322 0.81657 -0.12851
v 0.38038 0.67016 -0.18716
v 0.40683 0.49781 -0.20775
v 0.37853 0.32575 -0.18716
v 0.29979 0.18018 -0.12851
v 0.18261 0.08326 -0.04074
v 0.00242 0.05001 0.00000
v -0.13537 0.08352 0.10353
v -0.25255 0.18044 0.19130
v -0.33129 0.32601 0.24995
v -0.35959 0.49806 0.27054
v -0.33314 0.67042 0.24995
v -0.25598 0.81682 0.19130
v -0.13985 0.91500 0.10353
v -0.00242 0.94999 0.00000
v 0.13537 0.91648 -0.10353
v 0.25255 0.81956 -0.19130
v 0.33129 0.67399 -0.24995
v 0.35959 0.50194 -0.27054
v 0.33314 0.32958 -0.24995
v 0.25598 0.18318 -0.19130
v 0.13985 0.08500 -0.10353
v -0.03920 0.04982 -0.06279
v -0.17647 0.08162 0.04197
v -0.29407 0.17709 0.13078
v -0.37408 0.32167 0.19012
v -0.40434 0.49337 0.21096
v -0.38024 0.66603 0.19012
v -0.30543 0.81338 0.13078
v -0.19132 0.91298 0.04197
v -0.05528 0.94967 -0.06279
v 0.08199 0.91787 -0.16755
v 0.19959 0.82240 -0.25636
v 0.27960 0.67782 -0.31570
v 0.30986 0.50613 -0.33654
v 0.28576 0.33346 -0.31570
v 0.21095 0.18611 -0.25636
v 0.09684 0.08651 -0.16755
v -0.07935 0.04917 -0.12533
v -0.21530 0.07866 -0.01821
v -0.33296 0.17213 0.07261
v -0.41442 0.31535 0.13330
v -0.44728 0.48650 0.15460
v -0.42653 0.65955 0.13330
v -0.35533 0.80813 0.07261
v -0.24453 0.90964 -0.01821
v -0.11099 0.94861 -0.12533
v 0.02496 0.91912 -0.23246
v 0.14263 0.82565 -0.32328
v 0.22409 0.68243 -0.38396
v 0.25694 0.51127 -0.40527
v 0.23619 0.33823 -0.38396
v 0.16500 0.18965 -0.32328
v 0.05419 0.08814 -0.23246
v -0.11761 0.04796 -0.18738
v -0.25151 0.07427 -0.07689
v -0.36910 0.16497 0.01677
v -0.45250 0.30624 0.07936
v -0.48899 0.47658 0.10134
v -0.47303 0.65004 0.07936
v -0.40705 0.80024 0.01677
v -0.30108 0.90429 -0.07689
v -0.17127 0.94636 -0.18738
v -0.03737 0.92004 -0.29787
v 0.08023 0.82934 -0.39154
v 0.16362 0.68807 -0.45412
v 0.20012 0.51774 -0.47610
v 0.18416 0.34427 -0.45412
v 0.11817 0.19408 -0.39154
v 0.01221 0.09003 -0.29787
v -0.15393 0.04603 -0.24869
v -0.28506 0.06823 -0.13405
v -0.40257 0.15527 -0.03686
v -0.48857 0.29389 0.02808
v -0.52998 0.46299 0.05088
v -0.52048 0.63682 0.02808
v -0.46153 0.78893 -0.03686
v -0.36210 0.89615 -0.13405
v -0.23732 0.94216 -0.24869
v -0.10620 0.91996 -0.36333
v 0.01131 0.83293 -0.46052
v 0.09732 0.69431 -0.52546
v 0.13872 0.52521 -0.54826
v 0.12923 0.35138 -0.52546
v 0.07028 0.19927 -0.46052
v -0.02916 0.09205 -0.36333
v -0.18860 0.04321 -0.30902
v -0.31621 0.06044 -0.18965
v -0.43361 0.14292 -0.08845
v -0.52295 0.27811 -0.02083
v -0.57061 0.44542 0.00291
v -0.56934 0.61939 -0.02083
v -0.51933 0.77352 -0.08845
v -0.42821 0.88435 -0.18965
v -0.30983 0.93501 -0.30902
v -0.18222 0.91779 -0.42839
v -0.06482 0.83530 -0.52958
v 0.02452 0.70011 -0.59720
v 0.07218 0.53280 -0.62094
v 0.07091 0.35884 -0.59720
v 0.02090 0.20471 -0.52958
v -0.07022 0.09387 -0.42839
v -0.22212 0.03926 -0.36812
v -0.34542 0.05085 -0.24367
v -0.46266 0.12800 -0.13816
v -0.55597 0.25897 -0.06766
v -0.61116 0.42380 -0.04290
v -0.61982 0.59741 -0.06766
v -0.58064 0.75337 -0.13816
v -0.49957 0.86793 -0.24367
v -0.38896 0.92366 -0.36812
v -0.26566 0.91206 -0.49258
v -0.14842 0.83491 -0.59809
v -0.05511 0.70395 -0.66859
v 0.00008 0.53911 -0.69335
v 0.00874 0.36550 -0.66859
v -0.03045 0.20954 -0.59809
v -0.11151 0.09498 -0.49258
v -0.25508 0.03386 -0.42578
v -0.37329 0.03946 -0.29607
v -0.49020 0.11066 -0.18611
v -0.58802 0.23660 -0.11263
v -0.65185 0.39812 -0.08683
v -0.67199 0.57062 -0.11263
v -0.64535 0.72785 -0.18611
v -0.57600 0.84587 -0.29607
v -0.47449 0.90670 -0.42578
v -0.35628 0.90110 -0.55549
v -0.23937 0.82990 -0.66545
v -0.14155 0.70396 -0.73892
v -0.07772 0.54244 -0.76473
v -0.05759 0.36994 -0.73892
v -0.08422 0.21271 -0.66545
v -0.15357 0.09469 -0.55549
v -0.28808 0.02662 -0.48175
v -0.40041 0.02618 -0.34681
v -0.51678 0.09098 -0.23240
v -0.61947 0.21115 -0.15596
v -0.69286 0.36838 -0.12912
v -0.72576 0.53875 -0.15596
v -0.71317 0.69632 -0.23240
v -0.65701 0.81709 -0.34681
v -0.56582 0.88269 -0.48175
v -0.45349 0.88312 -0.61670
v -0.33712 0.81832 -0.73110
v -0.23442 0.69816 -0.80754
v -0.16104 0.54092 -0.83439
v -0.12814 0.37055 -0.80754
v -0.14073 0.21299 -0.73110
v -0.19689 0.09221 -0.61670
v -0.32162 0.01704 -0.53583
v -0.42736 0.01083 -0.39580
v -0.54293 0.06899 -0.27709
v -0.65071 0.18266 -0.19777
v -0.73430 0.33453 -0.16992
v -0.78098 0.50148 -0.19777
v -0.78364 0.65810 -0.27709
v -0.74187 0.78055 -0.39580
v -0.66204 0.85017 -0.53583
v -0.55629 0.85638 -0.67585
v -0.44073 0.79822 -0.79456
v -0.33295 0.68455 -0.87388
v -0.24935 0.53268 -0.90174
v -0.20267 0.36573 -0.87388
v -0.20001 0.20910 -0.79456
v -0.24178 0.08666 -0.67585
v -0.35605 0.00452 -0.58779
v -0.45464 -0.00692 -0.44295
v -0.56912 0.04452 -0.32016
v -0.68206 0.15102 -0.23812
v -0.77627 0.29636 -0.20931
v -0.83741 0.45841 -0.23812
v -0.85616 0.61251 -0.32016
v -0.82967 0.73519 -0.44295
v -0.76198 0.80778 -0.58779
v -0.66339 0.81922 -0.73262
v -0.54891 0.76778 -0.85541
v -0.43597 0.66128 -0.93745
v -0.34176 0.51594 -0.96626
v -0.28063 0.35389 -0.93745
v -0.26187 0.19979 -0.85541
v -0.28836 0.07711 -0.73262
v -0.39155 -0.01160 -0.63742
v -0.48258 -0.02753 -0.48813
v -0.59574 0.01727 -0.36157
v -0.71379 0.11596 -0.27700
v -0.81876 0.25354 -0.24730
v -0.89468 0.40905 -0.27700
v -0.92998 0.55882 -0.36157
v -0.91930 0.68005 -0.48813
v -0.86425 0.75427 -0.63742
v -0.77322 0.77021 -0.78672
v -0.66006 0.72541 -0.91328
v -0.54201 0.62671 -0.99785
v -0.43704 0.48914 -1.02755
v -0.36112 0.33363 -0.99785
v -0.32582 0.18386 -0.91328
v -0.33650 0.06263 -0.78672
v -0.42808 -0.03204 -0.68455
v -0.51136 -0.05156 -0.53121
v -0.62299 -0.01325 -0.40121
v -0.74599 0.07706 -0.31435
v -0.86163 0.20561 -0.28385
v -0.95231 0.35284 -0.31435
v -1.00422 0.49633 -0.40121
v -1.00945 0.61424 -0.53121
v -0.96722 0.68861 -0.68455
v -0.88394 0.70813 -0.83789
v -0.77231 0.66983 -0.96788
v -0.64931 0.57952 -1.05474
v -0.53367 0.45097 -1.08524
v -0.44299 0.30374 -1.05474
v -0.39108 0.16025 -0.96788
v -0.38585 0.04234 -0.83789
v -0.46540 -0.05752 -0.72897
v -0.54094 -0.07966 -0.57202
v -0.65093 -0.04761 -0.43897
v -0.77863 0.03373 -0.35006
v -0.90460 0.15200 -0.31885
v -1.00966 0.28917 -0.35006
v -1.07781 0.42438 -0.43897
v -1.09868 0.53703 -0.57202
v -1.06909 0.60997 -0.72897
v -0.99355 0.63211 -0.88592
v -0.88356 0.60006 -1.01897
v -0.75586 0.51872 -1.10787
v -0.62989 0.40045 -1.13909
v -0.52483 0.26328 -1.10787
v -0.45668 0.12807 -1.01897
v -0.43581 0.01542 -0.88592
v -0.50302 -0.08876 -0.77051
v -0.57107 -0.11252 -0.61041
v -0.67937 -0.08651 -0.47468
v -0.81144 -0.01466 -0.38399
v -0.94716 0.09208 -0.35214
v -1.06589 0.21745 -0.38399
v -1.14953 0.34238 -0.47468
v -1.18537 0.44784 -0.61041
v -1.16793 0.51778 -0.77051
v -1.09989 0.54155 -0.93062
v -0.99158 0.51553 -1.06635
v -0.85952 0.44369 -1.15704
v -0.72379 0.33695 -1.18888
v -0.60506 0.21158 -1.15704
v -0.52142 0.08665 -1.06635
v -0.48558 -0.01882 -0.93062
v -0.54028 -0.12636 -0.80902
v -0.60127 -0.15084 -0.64620
v -0.70790 -0.13063 -0.50817
v -0.84391 -0.06880 -0.41594
v -0.98862 0.02522 -0.38356
v -1.11998 0.13713 -0.41594
v -1.21801 0.24988 -0.50817
v -1.26777 0.34632 -0.64620
v -1.26169 0.41176 -0.80902
v -1.20069 0.43624 -0.97183
v -1.09407 0.41603 -1.10986
v -0.95805 0.35421 -1.20209
v -0.81335 0.26019 -1.23448
v -0.68198 0.14828 -1.20209
v -0.58396 0.03552 -1.10986
v -0.53420 -0.06092 -0.97183
v -0.57632 -0.17085 -0.84433
v -0.63087 -0.19522 -0.67922
v -0.73587 -0.18064 -0.53925
v -0.87533 -0.12935 -0.44573
v -1.02803 -0.04915 -0.41288
v -1.17072 0.04775 -0.44573
v -1.28168 0.14660 -0.53925
v -1.34401 0.23235 -0.67922
v -1.34822 0.29194 -0.84433
v -1.29367 0.31630 -1.00943
v -1.18868 0.30172 -1.14940
v -1.04921 0.25043 -1.24293
v -0.89651 0.17023 -1.27577
v -0.75382 0.07333 -1.24293
v -0.64286 -0.02552 -1.14940
v -0.58053 -0.11126 -1.00943
v -0.61012 -0.22262 -0.87631
v -0.65895 -0.24618 -0.70931
v -0.76241 -0.23713 -0.56773
v -0.90474 -0.19685 -0.47313
v -1.06427 -0.13147 -0.43992
v -1.21672 -0.05095 -0.47313
v -1.33888 0.03247 -0.56773
v -1.41215 0.10606 -0.70931
v -1.42537 0.15865 -0.87631
v -1.37654 0.18221 -1.04331
v -1.27308 0.17316 -1.18488
v -1.13075 0.13288 -1.27948
v -0.97122 0.06750 -1.31270
v -0.81877 -0.01302 -1.27948
v -0.69661 -0.09643 -1.18488
v -0.62334 -0.17003 -1.04331
v -0.64051 -0.28184 -0.90483
v -0.68445 -0.30408 -0.73630
v -0.78645 -0.30052 -0.59342
v -0.93097 -0.27171 -0.49796
v -1.09600 -0.22203 -0.46443
v -1.25643 -0.15904 -0.49796
v -1.38783 -0.09234 -0.59342
v -1.47020 -0.03208 -0.73630
v -1.49099 0.01257 -0.90483
v -1.44705 0.03481 -1.07336
v -1.34505 0.03125 -1.21623
v -1.20053 0.00244 -1.31170
v -1.03550 -0.04724 -1.34522
v -0.87507 -0.11023 -1.31170
v -0.74367 -0.17693 -1.21623
v -0.66130 -0.23719 -1.07336
v -0.66624 -0.34853 -0.92978
v -0.70617 -0.36909 -0.76004
v -0.80676 -0.37106 -0.61614
v -0.95269 -0.35412 -0.51999
v -1.12176 -0.32086 -0.48623
v -1.28821 -0.27635 -0.51999
v -1.42672 -0.22735 -0.61614
v -1.51618 -0.18133 -0.76004
v -1.54299 -0.14530 -0.92978
v -1.50306 -0.12473 -1.09952
v -1.40247 -0.12277 -1.24341
v -1.25654 -0.13970 -1.33956
v -1.08747 -0.17296 -1.37333
v -0.92102 -0.21747 -1.33956
v -0.78252 -0.26647 -1.24341
v -0.69305 -0.31249 -1.09952
v -0.68599 -0.42244 -0.95106
v -0.72278 -0.44117 -0.78040
v -0.82197 -0.44875 -0.63572
v -0.96847 -0.44405 -0.53905
v -1.13997 -0.42777 -0.50510
v -1.31036 -0.40241 -0.53905
v -1.45370 -0.37180 -0.63572
v -1.54817 -0.34063 -0.78040
v -1.57939 -0.31362 -0.95106
v -1.54260 -0.29490 -1.12172
v -1.44341 -0.28732 -1.26640
v -1.29691 -0.29202 -1.36307
v -1.12542 -0.30829 -1.39701
v -0.95503 -0.33366 -1.36307
v -0.81168 -0.36427 -1.26640
v -0.71721 -0.39544 -1.12172
v -0.69844 -0.50314 -0.96858
v -0.73293 -0.52001 -0.79725
v -0.83067 -0.53336 -0.65200
v -0.97678 -0.54118 -0.55495
v -1.14902 -0.54226 -0.52087
v -1.32116 -0.53644 -0.55495
v -1.46700 -0.52462 -0.65200
v -1.56434 -0.50858 -0.79725
v -1.59835 -0.49077 -0.96858
v -1.56386 -0.47390 -1.13992
v -1.46612 -0.46055 -1.28516
v -1.32001 -0.45273 -1.38222
v -1.14777 -0.45165 -1.41630
v -0.97563 -0.45747 -1.38222
v -0.82979 -0.46929 -1.28516
v -0.73245 -0.48533 -1.13992
v -0.70226 -0.58991 -0.98229
v -0.73523 -0.60506 -0.81050
v -0.83139 -0.62438 -0.66486
v -0.97609 -0.64490 -0.56755
v -1.14730 -0.66352 -0.53338
v -1.31897 -0.67739 -0.56755
v -1.46495 -0.68441 -0.66486
v -1.56302 -0.68350 -0.81050
v -1.59825 -0.67481 -0.98229
v -1.56528 -0.65965 -1.15408
v -1.46912 -0.64034 -1.29971
v -1.32442 -0.61982 -1.39703
v -1.15321 -0.60120 -1.43120
v -0.98154 -0.58733 -1.39703
v -0.83557 -0.58031 -1.29971
v -0.73749 -0.58121 -1.15408
v -0.69623 -0.68181 -0.99211
v -0.72838 -0.69553 -0.82005
v -0.82272 -0.72100 -0.67418
v -0.96491 -0.75433 -0.57671
v -1.13330 -0.79045 -0.54248
v -1.30223 -0.82387 -0.57671
v -1.44601 -0.84950 -0.67418
v -1.54274 -0.86343 -0.82005
v -1.57769 -0.86354 -0.99211
v -1.54555 -0.84982 -1.16418
v -1.45120 -0.82436 -1.31005
v -1.30901 -0.79103 -1.40752
v -1.14063 -0.75490 -1.44175
v -0.97169 -0.72148 -1.40752
v -0.82791 -0.69586 -1.31005
v -0.73118 -0.68193 -1.16418
v -0.67921 -0.77769 -0.99803
v -0.71111 -0.79036 -0.82583
v -0.80335 -0.82217 -0.67986
v -0.94187 -0.86828 -0.58232
v -1.10559 -0.92167 -0.54806
v -1.26959 -0.97422 -0.58232
v -1.40889 -1.01792 -0.67986
v -1.50229 -1.04612 -0.82583
v -1.53557 -1.05453 -0.99803
v -1.50367 -1.04187 -1.17022
v -1.41143 -1.01006 -1.31620
v -1.27291 -0.96394 -1.41374
v -1.10919 -0.91055 -1.44799
v -0.94519 -0.85800 -1.41374
v -0.80589 -0.81430 -1.31620
v -0.71249 -0.78610 -1.17022
v -0.65022 -0.87616 -1.00000
v -0.68235 -0.88824 -0.82781
v -0.77207 -0.92656 -0.68183
v -0.90573 -0.98530 -0.58429
v -1.06297 -1.05551 -0.55004
v -1.21987 -1.12651 -0.58429
v -1.35252 -1.18748 -0.68183
v -1.44074 -1.22914 -0.82781
v -1.47110 -1.24516 -1.00000
v -1.43897 -1.23308 -1.17219
v -1.34925 -1.19476 -1.31817
v -1.21559 -1.13602 -1.41571
v -1.05835 -1.06581 -1.44996
v -0.90145 -0.99481 -1.41571
v -0.76880 -0.93384 -1.31817
v -0.68058 -0.89218 -1.17219
v -0.60848 -0.97567 -0.99803
v -0.64117 -0.98767 -0.82593
v -0.72790 -1.03263 -0.68004
v -0.85547 -1.10370 -0.58256
v -1.00446 -1.19007 -0.54832
v -1.15219 -1.27858 -0.58256
v -1.27616 -1.35576 -0.68004
v -1.35751 -1.40985 -0.82593
v -1.38384 -1.43263 -0.99803
v -1.35115 -1.42063 -1.17012
v -1.26442 -1.37567 -1.31601
v -1.13685 -1.30460 -1.41350
v -0.98786 -1.21823 -1.44773
v -0.84013 -1.12972 -1.41350
v -0.71616 -1.05255 -1.31601
v -0.63481 -0.99845 -1.17012
v -0.55342 -1.07448 -0.99211
v -0.58687 -1.08696 -0.82020
v -0.67006 -1.13862 -0.67446
v -0.79031 -1.22159 -0.57708
v -0.92934 -1.32324 -0.54288
v -1.06596 -1.42809 -0.57708
v -1.17938 -1.52018 -0.67446
v -1.25234 -1.58549 -0.82020
v -1.27372 -1.61408 -0.99211
v -1.24027 -1.60160 -1.16403
v -1.15709 -1.54994 -1.30977
v -1.03683 -1.46697 -1.40715
v -0.89781 -1.36532 -1.44135
v -0.76119 -1.26047 -1.40715
v -0.64776 -1.16838 -1.30977
v -0.57481 -1.10307 -1.16403
v -0.48474 -1.17076 -0.98229
v -0.51902 -1.18428 -0.81062
v -0.59804 -1.24262 -0.66508
v -0.70977 -1.33690 -0.56784
v -0.83721 -1.45276 -0.53369
v -0.96094 -1.57256 -0.56784
v -1.06214 -1.67807 -0.66508
v -1.12539 -1.75322 -0.81062
v -1.14107 -1.78657 -0.98229
v -1.10679 -1.77305 -1.15396
v -1.02776 -1.71470 -1.29949
v -0.91603 -1.62043 -1.39674
v -0.78860 -1.50457 -1.43088
v -0.66486 -1.38477 -1.39674
v -0.56367 -1.27926 -1.29949
v -0.50041 -1.20411 -1.15396
v -0.40237 -1.26257 -0.96858
v -0.43744 -1.27768 -0.79720
v -0.51164 -1.34260 -0.65191
v -0.61367 -1.44744 -0.55484
v -0.72801 -1.57626 -0.52075
v -0.83725 -1.70943 -0.55484
v -0.92475 -1.82668 -0.65191
v -0.97720 -1.91016 -0.79720
v -0.98660 -1.94717 -0.96858
v -0.95154 -1.93206 -1.13996
v -0.87734 -1.86714 -1.28525
v -0.77530 -1.76229 -1.38233
v -0.66096 -1.63348 -1.41642
v -0.55173 -1.50031 -1.38233
v -0.46423 -1.38305 -1.28525
v -0.41178 -1.29957 -1.13996
v -0.30659 -1.34795 -0.95106
v -0.34227 -1.36515 -0.78000
v -0.41095 -1.43644 -0.63499
v -0.50217 -1.55098 -0.53809
v -0.60205 -1.69132 -0.50407
v -0.69537 -1.83610 -0.53809
v -0.76794 -1.96328 -0.63499
v -0.80870 -2.05349 -0.78000
v -0.81145 -2.09301 -0.95106
v -0.77577 -2.07581 -1.12211
v -0.70709 -2.00451 -1.26712
v -0.61586 -1.88998 -1.36402
v -0.51599 -1.74963 -1.39804
v -0.42266 -1.60485 -1.36402
v -0.35010 -1.47768 -1.26712
v -0.30934 -1.38746 -1.12211
v -0.19791 -1.42493 -0.92978
v -0.23394 -1.44468 -0.75907
v -0.29639 -1.52204 -0.61435
v -0.37576 -1.64524 -0.51765
v -0.45997 -1.79553 -0.48370
v -0.53619 -1.95001 -0.51765
v -0.59282 -2.08518 -0.61435
v -0.62124 -2.18046 -0.75907
v -0.61712 -2.22134 -0.92978
v -0.58110 -2.20159 -1.10048
v -0.51864 -2.12423 -1.24520
v -0.43927 -2.00103 -1.34190
v -0.35507 -1.85074 -1.37586
v -0.27885 -1.69626 -1.34190
v -0.22222 -1.56108 -1.24520
v -0.19380 -1.46581 -1.10048
v -0.07720 -1.49161 -0.90483
v -0.11321 -1.51429 -0.73448
v -0.16873 -1.59730 -0.59007
v -0.23531 -1.72801 -0.49358
v -0.30281 -1.88652 -0.45969
v -0.36096 -2.04869 -0.49358
v -0.40090 -2.18984 -0.59007
v -0.41655 -2.28847 -0.73448
v -0.40553 -2.32958 -0.90483
v -0.36952 -2.30690 -1.07517
v -0.31400 -2.22389 -1.21958
v -0.24742 -2.09318 -1.31608
v -0.17992 -1.93467 -1.34996
v -0.12177 -1.77250 -1.31608
v -0.08183 -1.63135 -1.21958
v -0.06618 -1.53272 -1.07517
v 0.05444 -1.54617 -0.87631
v 0.01888 -1.57209 -0.70633
v -0.02903 -1.66023 -0.56223
v -0.08199 -1.79717 -0.46594
v -0.13195 -1.96206 -0.43213
v -0.17130 -2.12980 -0.46594
v -0.19405 -2.27486 -0.56223
v -0.19673 -2.37514 -0.70633
v -0.17894 -2.41538 -0.87631
v -0.14338 -2.38946 -1.04629
v -0.09547 -2.30132 -1.19039
v -0.04251 -2.16438 -1.28667
v 0.00745 -1.99949 -1.32048
v 0.04680 -1.83175 -1.28667
v 0.06955 -1.68669 -1.19039
v 0.07223 -1.58641 -1.04629
v 0.19558 -1.58694 -0.84433
v 0.16098 -1.61632 -0.67472
v 0.12133 -1.70895 -0.53093
v 0.08266 -1.85074 -0.43485
v 0.05088 -2.02009 -0.40111
v 0.03081 -2.19123 -0.43485
v 0.02551 -2.33809 -0.53093
v 0.03579 -2.43833 -0.67472
v 0.06008 -2.47668 -0.84433
v 0.09468 -2.44730 -1.01394
v 0.13434 -2.35467 -1.15773
v 0.17300 -2.21288 -1.25381
v 0.20478 -2.04353 -1.28754
v 0.22485 -1.87239 -1.25381
v 0.23015 -1.72553 -1.15773
v 0.21987 -1.62529 -1.01394
v 0.34457 -1.61244 -0.80902
v 0.31146 -1.64540 -0.63977
v 0.28065 -1.74179 -0.49628
v 0.25684 -1.88695 -0.40041
v 0.24365 -2.05877 -0.36674
v 0.24308 -2.23109 -0.40041
v 0.25524 -2.37768 -0.49628
v 0.27825 -2.47623 -0.63977
v 0.30863 -2.51172 -0.80902
v 0.34174 -2.47876 -0.97827
v 0.37255 -2.38237 -1.12175
v 0.39637 -2.23721 -1.21763
v 0.40956 -2.06540 -1.25129
v 0.41012 -1.89307 -1.21763
v 0.39797 -1.74648 -1.12175
v 0.37495 -1.64794 -0.97827
v 0.49952 -1.62141 -0.77051
v 0.46847 -1.65797 -0.60161
v 0.44702 -1.75730 -0.45842
v 0.43843 -1.90427 -0.36275
v 0.44403 -2.07652 -0.32915
v 0.46295 -2.24781 -0.36275
v 0.49232 -2.39208 -0.45842
v 0.52765 -2.48735 -0.60161
v 0.56359 -2.51913 -0.77051
v 0.59464 -2.48257 -0.93942
v 0.61610 -2.38325 -1.08260
v 0.62468 -2.23627 -1.17828
v 0.61908 -2.06403 -1.21188
v 0.60016 -1.89273 -1.17828
v 0.57080 -1.74847 -1.08260
v 0.53546 -1.65319 -0.93942
v 0.65835 -1.61287 -0.72897
v 0.62993 -1.65294 -0.56040
v 0.61826 -1.75429 -0.41750
v 0.62512 -1.90148 -0.32201
v 0.64947 -2.07210 -0.28848
v 0.68761 -2.24018 -0.32201
v 0.73371 -2.38012 -0.41750
v 0.78077 -2.47064 -0.56040
v 0.82163 -2.49793 -0.72897
v 0.85005 -2.45786 -0.89754
v 0.86172 -2.35651 -1.04044
v 0.85486 -2.20932 -1.13592
v 0.83050 -2.03870 -1.16945
v 0.79237 -1.87062 -1.13592
v 0.74627 -1.73067 -1.04044
v 0.69920 -1.64016 -0.89754
v 0.81882 -1.58609 -0.68455
v 0.79359 -1.62950 -0.51630
v 0.79203 -1.73188 -0.37366
v 0.81438 -1.87764 -0.27836
v 0.85723 -2.04459 -0.24489
v 0.91405 -2.20732 -0.27836
v 0.97621 -2.34104 -0.37366
v 1.03423 -2.42541 -0.51630
v 1.07928 -2.44757 -0.68455
v 1.10451 -2.40416 -0.85280
v 1.10606 -2.30178 -0.99543
v 1.08372 -2.15602 -1.09074
v 1.04087 -1.98907 -1.12420
v 0.98404 -1.82634 -1.09074
v 0.92189 -1.69262 -0.99543
v 0.86387 -1.60825 -0.85280
v 0.97858 -1.54069 -0.63742
v 0.95709 -1.58716 -0.46947
v 0.96586 -1.68952 -0.32709
v 1.00354 -1.83220 -0.23195
v 1.06440 -1.99348 -0.19854
v 1.13917 -2.14879 -0.23195
v 1.21647 -2.27450 -0.32709
v 1.28453 -2.35146 -0.46947
v 1.33300 -2.36796 -0.63742
v 1.35448 -2.32150 -0.80538
v 1.34571 -2.21913 -0.94776
v 1.30803 -2.07645 -1.04290
v 1.24717 -1.91517 -1.07630
v 1.17240 -1.75986 -1.04290
v 1.09510 -1.63416 -0.94776
v 1.02704 -1.55719 -0.80538
v 1.13521 -1.47660 -0.58779
v 1.11798 -1.52576 -0.42011
v 1.13716 -1.62702 -0.27796
v 1.18985 -1.76497 -0.18298
v 1.26801 -1.91862 -0.14962
v 1.35975 -2.06456 -0.18298
v 1.45111 -2.18059 -0.27796
v 1.52817 -2.24903 -0.42011
v 1.57920 -2.25947 -0.58779
v 1.59643 -2.21031 -0.75546
v 1.57725 -2.10905 -0.89761
v 1.52456 -1.97109 -0.99259
v 1.44640 -1.81745 -1.02595
v 1.35466 -1.67151 -0.99259
v 1.26330 -1.55548 -0.89761
v 1.18624 -1.48704 -0.75546
v 1.28630 -1.39411 -0.53583
v 1.27377 -1.44549 -0.36840
v 1.30334 -1.54453 -0.22646
v 1.37051 -1.67614 -0.13162
v 1.46506 -1.82029 -0.09832
v 1.57259 -1.95504 -0.13162
v 1.67673 -2.05987 -0.22646
v 1.76163 -2.11881 -0.36840
v 1.81436 -2.12291 -0.53583
v 1.82690 -2.07152 -0.70325
v 1.79733 -1.97249 -0.84519
v 1.73015 -1.84087 -0.94003
v 1.63561 -1.69672 -0.97333
v 1.52807 -1.56197 -0.94003
v 1.42393 -1.45715 -0.84519
v 1.33903 -1.39820 -0.70325
v 1.42945 -1.29381 -0.48175
v 1.42200 -1.34689 -0.31455
v 1.46179 -1.44257 -0.17281
v 1.54275 -1.56628 -0.07810
v 1.65256 -1.69918 -0.04484
v 1.77451 -1.82105 -0.07810
v 1.89002 -1.91334 -0.17281
v 1.98151 -1.96198 -0.31455
v 2.03506 -1.95958 -0.48175
v 2.04250 -1.90650 -0.64895
v 2.00272 -1.81082 -0.79070
v 1.92175 -1.68711 -0.88541
v 1.81194 -1.55420 -0.91867
v 1.69000 -1.43233 -0.88541
v 1.57449 -1.34005 -0.79070
v 1.48300 -1.29141 -0.64895
v 1.56235 -1.17667 -0.42578
v 1.56030 -1.23085 -0.25878
v 1.61000 -1.32204 -0.11720
v 1.70388 -1.43635 -0.02260
v 1.82764 -1.55638 0.01061
v 1.96245 -1.66387 -0.02260
v 2.08777 -1.74243 -0.11720
v 2.18454 -1.78013 -0.25878
v 2.23802 -1.77120 -0.42578
v 2.24007 -1.71702 -0.59278
v 2.19037 -1.62584 -0.73436
v 2.09649 -1.51152 -0.82895
v 1.97273 -1.39149 -0.86217
v 1.83793 -1.28400 -0.82895
v 1.71260 -1.20544 -0.73436
v 1.61583 -1.16775 -0.59278
v 1.68283 -1.04395 -0.36812
v 1.68641 -1.09857 -0.20130
v 1.74558 -1.18416 -0.05987
v 1.85132 -1.28768 0.03463
v 1.98755 -1.39337 0.06782
v 2.13351 -1.48514 0.03463
v 2.26700 -1.54902 -0.05987
v 2.36768 -1.57529 -0.20130
v 2.42023 -1.55993 -0.36812
v 2.41665 -1.50530 -0.53495
v 2.35748 -1.41971 -0.67638
v 2.25173 -1.31620 -0.77088
v 2.11551 -1.21050 -0.80407
v 1.96954 -1.11873 -0.77088
v 1.83606 -1.05486 -0.67638
v 1.73538 -1.02859 -0.53495
v 1.78889 -0.89721 -0.30902
v 1.79823 -0.95159 -0.14233
v 1.86629 -1.03052 -0.00103
v 1.98271 -1.12196 0.09339
v 2.12975 -1.21200 0.12655
v 2.28504 -1.28694 0.09339
v 2.42493 -1.33535 -0.00103
v 2.52813 -1.34988 -0.14233
v 2.57892 -1.32831 -0.30902
v 2.56958 -1.27392 -0.47570
v 2.50152 -1.19500 -0.61701
v 2.38511 -1.10355 -0.71143
v 2.23806 -1.01351 -0.74458
v 2.08278 -0.93858 -0.71143
v 1.94288 -0.89016 -0.61701
v 1.83968 -0.87563 -0.47570
v 1.87876 -0.73829 -0.24869
v 1.89391 -0.79172 -0.08212
v 1.97015 -0.86296 0.05909
v 2.09588 -0.94118 0.15344
v 2.25196 -1.01446 0.18657
v 2.41463 -1.07164 0.15344
v 2.55912 -1.10403 0.05909
v 2.66344 -1.10668 -0.08212
v 2.71170 -1.07920 -0.24869
v 2.69655 -1.02577 -0.41526
v 2.62031 -0.95453 -0.55647
v 2.49458 -0.87631 -0.65082
v 2.33850 -0.80303 -0.68395
v 2.17583 -0.74585 -0.65082
v 2.03134 -0.71346 -0.55647
v 1.92702 -0.71081 -0.41526
v 1.95094 -0.56926 -0.18738
v 1.97182 -0.62101 -0.02090
v 2.05540 -0.68364 0.12023
v 2.18898 -0.74763 0.21454
v 2.35220 -0.80323 0.24765
v 2.52022 -0.84198 0.21454
v 2.66746 -0.85797 0.12023
v 2.77150 -0.84878 -0.02090
v 2.81651 -0.81581 -0.18738
v 2.79563 -0.76407 -0.35386
v 2.71204 -0.70143 -0.49500
v 2.57847 -0.63745 -0.58930
v 2.41525 -0.58185 -0.62241
v 2.24723 -0.54310 -0.58930
v 2.09999 -0.52710 -0.49500
v 1.99595 -0.53629 -0.35386
v 2.00419 -0.39240 -0.12533
v 2.03064 -0.44173 0.04109
v 2.12062 -0.49490 0.18217
v 2.26044 -0.54382 0.27644
v 2.42880 -0.58105 0.30955
v 2.60009 -0.60090 0.27644
v 2.74822 -0.60037 0.18217
v 2.85063 -0.57953 0.04109
v 2.89175 -0.54155 -0.12533
v 2.86531 -0.49222 -0.29175
v 2.77533 -0.43905 -0.43284
v 2.63551 -0.39013 -0.52711
v 2.46714 -0.35291 -0.56021
v 2.29586 -0.33305 -0.52711
v 2.14773 -0.33358 -0.43284
v 2.04531 -0.35443 -0.29175
v 2.03763 -0.21012 -0.06279
v 2.06937 -0.25633 0.10360
v 2.16468 -0.29930 0.24466
v 2.30906 -0.33250 0.33892
v 2.48051 -0.35086 0.37201
v 2.65294 -0.35160 0.33892
v 2.80010 -0.33460 0.24466
v 2.89958 -0.30245 0.10360
v 2.93625 -0.26005 -0.06279
v 2.90451 -0.21384 -0.22918
v 2.80920 -0.17087 -0.37024
v 2.66482 -0.13767 -0.46450
v 2.49337 -0.11931 -0.49759
v 2.32094 -0.11857 -0.46450
v 2.17378 -0.13557 -0.37024
v 2.07430 -0.16772 -0.22918
f 1 17 18
f 1 18 2
f 2 18 19
f 2 19 3
f 3 19 20
f 3 20 4
f 4 20 21
f 4 21 5
f 5 21 22
f 5 22 6
f 6 22 23
f 6 23 7
f 7 23 24
f 7 24 8
f 8 24 25
f 8 25 9
f 9 25 26
f 9 26 10
f 10 26 27
f 10 27 11
f 11 27 28
f 11 28 12
f 12 28 29
f 12 29 13
f 13 29 30
f 13 30 14
f 14 30 31
f 14 31 15
f 15 31 32
f 15 32 16
f 16 32 17
f 16 17 1
f 17 33 34
f 17 34 18
f 18 34 35
f 18 35 19
f 19 35 36
f 19 36 20
f 20 36 37
f 20 37 21
f 21 37 38
f 21 38 22
f 22 38 39
f 22 39 23
f 23 39 40
f 23 40 24
f 24 40 41
f 24 41 25
f 25 41 42
f 25 42 26
f 26 42 43
f 26 43 27
f 27 43 44
f 27 44 28
f 28 44 45
f 28 45 29
f 29 45 46
f 29 46 30
f 30 46 47
f 30 47 31
f 31 47 48
f 31 48 32
f 32 48 33
f 32 33 17
f 33 49 50
f 33 50 34
f 34 50 51
f 34 51 35
f 35 51 52
f 35 52 36
f 36 52 53
f 36 53 37
f 37 53 54
f 37 54 38
f 38 54 55
f 38 55 39
f 39 55 56
f 39 56 40
f 40 56 57
f 40 57 41
f 41 57 58
f 41 58 42
f 42 58 59
f 42 59 43
f 43 59 60
f 43 60 44
f 44 60 61
f 44 61 45
f 45 61 62
f 45 62 46
f 46 62 63
f 46 63 47
f 47 63 64
f 47 64 48
f 48 64 49
f 48 49 33
f 49 65 66
f 49 66 50
f 50 66 67
f 50 67 51
f 51 67 68
f 51 68 52
f 52 68 69
f 52 69 53
f 53 69 70
f 53 70 54
f 54 70 71
f 54 71 55
f 55 71 72
f 55 72 56
f 56 72 73
f 56 73 57
f 57 73 74
f 57 74 58
f 58 74 75
f 58 75 59
f 59 75 76
f 59 76 60
f 60 76 77
f 60 77 61
f 61 77 78
f 61 78 62
f 62 78 79
f 62 79 63
f 63 79 80
f 63 80 64
f 64 80 65
f 64 65 49
f 65 81 82
f 65 82 66
f 66 82 83
f 66 83 67
f 67 83 84
f 67 84 68
f 68 84 85
f 68 85 69
f 69 85 86
f 69 86 70
f 70 86 87
f 70 87 71
f 71 87 88
f 71 88 72
f 72 88 89
f 72 89 73
f 73 89 90
f 73 90 74
f 74 90 91
f 74 91 75
f 75 91 92
f 75 92 76
f 76 92 93
f 76 93 77
f 77 93 94
f 77 94 78
f 78 94 95
f 78 95 79
f 79 95 96
f 79 96 80
f 80 96 81
f 80 81 65
f 81 97 98
f 81 98 82
f 82 98 99
f 82 99 83
f 83 99 100
f 83 100 84
f 84 100 101
f 84 101 85
f 85 101 102
f 85 102 86
f 86 102 103
f 86 103 87
f 87 103 104
f 87 104 88
f 88 104 105
f 88 105 89
f 89 105 106
f 89 106 90
f 90 106 107
f 90 107 91
f 91 107 108
f 91 108 92
f 92 108 109
f 92 109 93
f 93 109 110
f 93 110 94
f 94 110 111
f 94 111 95
f 95 111 112
f 95 112 96
f 96 112 97
f 96 97 81
f 97 113 114
f 97 114 98
f 98 114 115
f 98 115 99
f 99 115 116
f 99 116 100
f 100 116 117
f 100 117 101
f 101 117 118
f 101 118 102
f 102 118 119
f 102 119 103
f 103 119 120
f 103 120 104
f 104 120 121
f 104 121 105
f 105 121 122
f 105 122 106
f 106 122 123
f 106 123 107
f 107 123 124
f 107 124 108
f 108 124 125
f 108 125 109
f 109 125 126
f 109 126 110
f 110 126 127
f 110 127 111
f 111 127 128
f 111 128 112
f 112 128 113
f 112 113 97
f 113 129 130
f 113 130 114
f 114 130 131
f 114 131 115
f 115 131 132
f 115 132 116
f 116 132 133
f 116 133 117
f 117 133 134
f 117 134 118
f 118 134 135
f 118 135 119
f 119 135 136
f 119 136 120
f 120 136 137
f 120 137 121
f 121 137 138
f 121 138 122
f 122 138 139
f 122 139 123
f 123 139 140
f 123 140 124
f 124 140 141
f 124 141 125
f 125 141 142
f 125 142 126
f 126 142 143
f 126 143 127
f 127 143 144
f 127 144 128
f 128 144 129
f 128 129 113
f 129 145 146
f 129 146 130
f 130 146 147
f 130 147 131
f 131 147 148
f 131 148 132
f 132 148 149
f 132 149 133
f 133 149 150
f 133 150 134
f 134 150 151
f 134 151 135
f 135 151 152
f 135 152 136
f 136 152 153
f 136 153 137
f 137 153 154
f 137 154 138
f 138 154 155
f 138 155 139
f 139 155 156
f 139 156 140
f 140 156 157
f 140 157 141
f 141 157 158
f 141 158 142
f 142 158 159
f 142 159 143
f 143 159 160
f 143 160 144
f 144 160 145
f 144 145 129
f 145 161 162
f 145 162 146
f 146 162 163
f 146 163 147
f 147 163 164
f 147 164 148
f 148 164 165
f 148 165 149
f 149 165 166
f 149 166 150
f 150 166 167
f 150 167 151
f 151 167 168
f 151 168 152
f 152 168 169
f 152 169 153
f 153 169 170
f 153 170 154
f 154 170 171
f 154 171 155
f 155 171 172
f 155 172 156
f 156 172 173
f 156 173 157
f 157 173 174
f 157 174 158
f 158 174 175
f 158 175 159
f 159 175 176
f 159 176 160
f 160 176 161
f 160 161 145
f 161 177 178
f 161 178 162
f 162 178 179
f 162 179 163
f 163 179 180
f 163 180 164
f 164 180 181
f 164 181 165
f 165 181 182
f 165 182 166
f 166 182 183
f 166 183 167
f 167 183 184
f 167 184 168
f 168 184 185
f 168 185 169
f 169 185 186
f 169 186 170
f 170 186 187
f 170 187 171
f 171 187 188
f 171 188 172
f 172 188 189
f 172 189 173
f 173 189 190
f 173 190 174
f 174 190 191
f 174 191 175
f 175 191 192
f 175 192 176
f 176 192 177
f 176 177 161
f 177 193 194
f 177 194 178
f 178 194 195
f 178 195 179
f 179 195 196
f 179 196 180
f 180 196 197
f 180 197 181
f 181 197 198
f 181 198 182
f 182 198 199
f 182 199 183
f 183 199 200
f 183 200 184
f 184 200 201
f 184 201 185
f 185 201 202
f 185 202 186
f 186 202 203
f 186 203 187
f 187 203 204
f 187 204 188
f 188 204 205
f 188 205 189
f 189 205 206
f 189 206 190
f 190 206 207
f 190 207 191
f 191 207 208
f 191 208 192
f 192 208 193
f 192 193 177
f 193 209 210
f 193 210 194
f 194 210 211
f 194 211 195
f 195 211 212
f 195 212 196
f 196 212 213
f 196 213 197
f 197 213 214
f 197 214 198
f 198 214 215
f 198 215 199
f 199 215 216
f 199 216 200
f 200 216 217
f 200 217 201
f 201 217 218
f 201 218 202
f 202 218 219
f 202 219 203
f 203 219 220
f 203 220 204
f 204 220 221
f 204 221 205
f 205 221 222
f 205 222 206
f 206 222 223
f 206 223 207
f 207 223 224
f 207 224 208
f 208 224 209
f 208 209 193
f 209 225 226
f 209 226 210
f 210 226 227
f 210 227 211
f 211 227 228
f 211 228 212
f 212 228 229
f 212 229 213
f 213 229 230
f 213 230 214
f 214 230 231
f 214 231 215
f 215 231 232
f 215 232 216
f 216 232 233
f 216 233 217
f 217 233 234
f 217 234 218
f 218 234 235
f 218 235 219
f 219 235 236
f 219 236 220
f 220 236 237
f 220 237 221
f 221 237 238
f 221 238 222
f 222 238 239
f 222 239 223
f 223 239 240
f 223 240 224
f 224 240 225
f 224 225 209
f 225 241 242
f 225 242 226
f 226 242 243
f 226 243 227
f 227 243 244
f 227 244 228
f 228 244 245
f 228 245 229
f 229 245 246
f 229 246 230
f 230 246 247
f 230 247 231
f 231 247 248
f 231 248 232
f 232 248 249
f 232 249 233
f 233 249 250
f 233 250 234
f 234 250 251
f 234 251 235
f 235 251 252
f 235 252 236
f 236 252 253
f 236 253 237
f 237 253 254
f 237 254 238
f 238 254 255
f 238 255 239
f 239 255 256
f 239 256 240
f 240 256 241
f 240 241 225
f 241 257 258
f 241 258 242
f 242 258 259
f 242 259 243
f 243 259 260
f 243 260 244
f 244 260 261
f 244 261 245
f 245 261 262
f 245 262 246
f 246 262 263
f 246 263 247
f 247 263 264
f 247 264 248
f 248 264 265
f 248 265 249
f 249 265 266
f 249 266 250
f 250 266 267
f 250 267 251
f 251 267 268
f 251 268 252
f 252 268 269
f 252 269 253
f 253 269 270
f 253 270 254
f 254 270 271
f 254 271 255
f 255 271 272
f 255 272 256
f 256 272 257
f 256 257 241
f 257 273 274
f 257 274 258
f 258 274 275
f 258 275 259
f 259 275 276
f 259 276 260
f 260 276 277
f 260 277 261
f 261 277 278
f 261 278 262
f 262 278 279
f 262 279 263
f 263 279 280
f 263 280 264
f 264 280 281
f 264 281 265
f 265 281 282
f 265 282 266
f 266 282 283
f 266 283 267
f 267 283 284
f 267 284 268
f 268 284 285
f 268 285 269
f 269 285 286
f 269 286 270
f 270 286 287
f 270 287 271
f 271 287 288
f 271 288 272
f 272 288 273
f 272 273 257
f 273 289 290
f 273 290 274
f 274 290 291
f 274 291 275
f 275 291 292
f 275 292 276
f 276 292 293
f 276 293 277
f 277 293 294
f 277 294 278
f 278 294 295
f 278 295 279
f 279 295 296
f 279 296 280
f 280 296 297
f 280 297 281
f 281 297 298
f 281 298 282
f 282 298 299
f 282 299 283
f 283 299 300
f 283 300 284
f 284 300 301
f 284 301 285
f 285 301 302
f 285 302 286
f 286 302 303
f 286 303 287
f 287 303 304
f 287 304 288
f 288 304 289
f 288 289 273
f 289 305 306
f 289 306 290
f 290 306 307
f 290 307 291
f 291 307 308
f 291 308 292
f 292 308 309
f 292 309 293
f 293 309 310
f 293 310 294
f 294 310 311
f 294 311 295
f 295 311 312
f 295 312 296
f 296 312 313
f 296 313 297
f 297 313 314
f 297 314 298
f 298 314 315
f 298 315 299
f 299 315 316
f 299 316 300
f 300 316 317
f 300 317 301
f 301 317 318
f 301 318 302
f 302 318 319
f 302 319 303
f 303 319 320
f 303 320 304
f 304 320 305
f 304 305 289
f 305 321 322
f 305 322 306
f 306 322 323
f 306 323 307
f 307 323 324
f 307 324 308
f 308 324 325
f 308 325 309
f 309 325 326
f 309 326 310
f 310 326 327
f 310 327 311
f 311 327 328
f 311 328 312
f 312 328 329
f 312 329 313
f 313 329 330
f 313 330 314
f 314 330 331
f 314 331 315
f 315 331 332
f 315 332 316
f 316 332 333
f 316 333 317
f 317 333 334
f 317 334 318
f 318 334 335
f 318 335 319
f 319 335 336
f 319 336 320
f 320 336 321
f 320 321 305
f 321 337 338
f 321 338 322
f 322 338 339
f 322 339 323
f 323 339 340
f 323 340 324
f 324 340 341
f 324 341 325
f 325 341 342
f 325 342 326
f 326 342 343
f 326 343 327
f 327 343 344
f 327 344 328
f 328 344 345
f 328 345 329
f 329 345 346
f 329 346 330
f 330 346 347
f 330 347 331
f 331 347 348
f 331 348 332
f 332 348 349
f 332 349 333
f 333 349 350
f 333 350 334
f 334 350 351
f 334 351 335
f 335 351 352
f 335 352 336
f 336 352 337
f 336 337 321
f 337 353 354
f 337 354 338
f 338 354 355
f 338 355 339
f 339 355 356
f 339 356 340
f 340 356 357
f 340 357 341
f 341 357 358
f 341 358 342
f 342 358 359
f 342 359 343
f 343 359 360
f 343 360 344
f 344 360 361
f 344 361 345
f 345 361 362
f 345 362 346
f 346 362 363
f 346 363 347
f 347 363 364
f 347 364 348
f 348 364 365
f 348 365 349
f 349 365 366
f 349 366 350
f 350 366 367
f 350 367 351
f 351 367 368
f 351 368 352
f 352 368 353
f 352 353 337
f 353 369 370
f 353 370 354
f 354 370 371
f 354 371 355
f 355 371 372
f 355 372 356
f 356 372 373
f 356 373 357
f 357 373 374
f 357 374 358
f 358 374 375
f 358 375 359
f 359 375 376
f 359 376 360
f 360 376 377
f 360 377 361
f 361 377 378
f 361 378 362
f 362 378 379
f 362 379 363
f 363 379 380
f 363 380 364
f 364 380 381
f 364 381 365
f 365 381 382
f 365 382 366
f 366 382 383
f 366 383 367
f 367 383 384
f 367 384 368
f 368 384 369
f 368 369 353
f 369 385 386
f 369 386 370
f 370 386 387
f 370 387 371
f 371 387 388
f 371 388 372
f 372 388 389
f 372 389 373
f 373 389 390
f 373 390 374
f 374 390 391
f 374 391 375
f 375 391 392
f 375 392 376
f 376 392 393
f 376 393 377
f 377 393 394
f 377 394 378
f 378 394 395
f 378 395 379
f 379 395 396
f 379 396 380
f 380 396 397
f 380 397 381
f 381 397 398
f 381 398 382
f 382 398 399
f 382 399 383
f 383 399 400
f 383 400 384
f 384 400 385
f 384 385 369
f 385 401 402
f 385 402 386
f 386 402 403
f 386 403 387
f 387 403 404
f 387 404 388
f 388 404 405
f 388 405 389
f 389 405 406
f 389 406 390
f 390 406 407
f 390 407 391
f 391 407 408
f 391 408 392
f 392 408 409
f 392 409 393
f 393 409 410
f 393 410 394
f 394 410 411
f 394 411 395
f 395 411 412
f 395 412 396
f 396 412 413
f 396 413 397
f 397 413 414
f 397 414 398
f 398 414 415
f 398 415 399
f 399 415 416
f 399 416 400
f 400 416 401
f 400 401 385
f 401 417 418
f 401 418 402
f 402 418 419
f 402 419 403
f 403 419 420
f 403 420 404
f 404 420 421
f 404 421 405
f 405 421 422
f 405 422 406
f 406 422 423
f 406 423 407
f 407 423 424
f 407 424 408
f 408 424 425
f 408 425 409
f 409 425 426
f 409 426 410
f 410 426 427
f 410 427 411
f 411 427 428
f 411 428 412
f 412 428 429
f 412 429 413
f 413 429 430
f 413 430 414
f 414 430 431
f 414 431 415
f 415 431 432
f 415 432 416
f 416 432 417
f 416 417 401
f 417 433 434
f 417 434 418
f 418 434 435
f 418 435 419
f 419 435 436
f 419 436 420
f 420 436 437
f 420 437 421
f 421 437 438
f 421 438 422
f 422 438 439
f 422 439 423
f 423 439 440
f 423 440 424
f 424 440 441
f 424 441 425
f 425 441 442
f 425 442 426
f 426 442 443
f 426 443 427
f 427 443 444
f 427 444 428
f 428 444 445
f 428 445 429
f 429 445 446
f 429 446 430
f 430 446 447
f 430 447 431
f 431 447 448
f 431 448 432
f 432 448 433
f 432 433 417
f 433 449 450
f 433 450 434
f 434 450 451
f 434 451 435
f 435 451 452
f 435 452 436
f 436 452 453
f 436 453 437
f 437 453 454
f 437 454 438
f 438 454 455
f 438 455 439
f 439 455 456
f 439 456 440
f 440 456 457
f 440 457 441
f 441 457 458
f 441 458 442
f 442 458 459
f 442 459 443
f 443 459 460
f 443 460 444
f 444 460 461
f 444 461 445
f 445 461 462
f 445 462 446
f 446 462 463
f 446 463 447
f 447 463 464
f 447 464 448
f 448 464 449
f 448 449 433
f 449 465 466
f 449 466 450
f 450 466 467
f 450 467 451
f 451 467 468
f 451 468 452
f 452 468 469
f 452 469 453
f 453 469 470
f 453 470 454
f 454 470 471
f 454 471 455
f 455 471 472
f 455 472 456
f 456 472 473
f 456 473 457
f 457 473 474
f 457 474 458
f 458 474 475
f 458 475 459
f 459 475 476
f 459 476 460
f 460 476 477
f 460 477 461
f 461 477 478
f 461 478 462
f 462 478 479
f 462 479 463
f 463 479 480
f 463 480 464
f 464 480 465
f 464 465 449
f 465 481 482
f 465 482 466
f 466 482 483
f 466 483 467
f 467 483 484
f 467 484 468
f 468 484 485
f 468 485 469
f 469 485 486
f 469 486 470
f 470 486 487
f 470 487 471
f 471 487 488
f 471 488 472
f 472 488 489
f 472 489 473
f 473 489 490
f 473 490 474
f 474 490 491
f 474 491 475
f 475 491 492
f 475 492 476
f 476 492 493
f 476 493 477
f 477 493 494
f 477 494 478
f 478 494 495
f 478 495 479
f 479 495 496
f 479 496 480
f 480 496 481
f 480 481 465
f 481 497 498
f 481 498 482
f 482 498 499
f 482 499 483
f 483 499 500
f 483 500 484
f 484 500 501
f 484 501 485
f 485 501 502
f 485 502 486
f 486 502 503
f 486 503 487
f 487 503 504
f 487 504 488
f 488 504 505
f 488 505 489
f 489 505 506
f 489 506 490
f 490 506 507
f 490 507 491
f 491 507 508
f 491 508 492
f 492 508 509
f 492 509 493
f 493 509 510
f 493 510 494
f 494 510 511
f 494 511 495
f 495 511 512
f 495 512 496
f 496 512 497
f 496 497 481
f 497 513 514
f 497 514 498
f 498 514 515
f 498 515 499
f 499 515 516
f 499 516 500
f 500 516 517
f 500 517 501
f 501 517 518
f 501 518 502
f 502 518 519
f 502 519 503
f 503 519 520
f 503 520 504
f 504 520 521
f 504 521 505
f 505 521 522
f 505 522 506
f 506 522 523
f 506 523 507
f 507 523 524
f 507 524 508
f 508 524 525
f 508 525 509
f 509 525 526
f 509 526 510
f 510 526 527
f 510 527 511
f 511 527 528
f 511 528 512
f 512 528 513
f 512 513 497
f 513 529 530
f 513 530 514
f 514 530 531
f 514 531 515
f 515 531 532
f 515 532 516
f 516 532 533
f 516 533 517
f 517 533 534
f 517 534 518
f 518 534 535
f 518 535 519
f 519 535 536
f 519 536 520
f 520 536 537
f 520 537 521
f 521 537 538
f 521 538 522
f 522 538 539
f 522 539 523
f 523 539 540
f 523 540 524
f 524 540 541
f 524 541 525
f 525 541 542
f 525 542 526
f 526 542 543
f 526 543 527
f 527 543 544
f 527 544 528
f 528 544 529
f 528 529 513
f 529 545 546
f 529 546 530
f 530 546 547
f 530 547 531
f 531 547 548
f 531 548 532
f 532 548 549
f 532 549 533
f 533 549 550
f 533 550 534
f 534 550 551
f 534 551 535
f 535 551 552
f 535 552 536
f 536 552 553
f 536 553 537
f 537 553 554
f 537 554 538
f 538 554 555
f 538 555 539
f 539 555 556
f 539 556 540
f 540 556 557
f 540 557 541
f 541 557 558
f 541 558 542
f 542 558 559
f 542 559 543
f 543 559 560
f 543 560 544
f 544 560 545
f 544 545 529
f 545 561 562
f 545 562 546
f 546 562 563
f 546 563 547
f 547 563 564
f 547 564 548
f 548 564 565
f 548 565 549
f 549 565 566
f 549 566 550
f 550 566 567
f 550 567 551
f 551 567 568
f 551 568 552
f 552 568 569
f 552 569 553
f 553 569 570
f 553 570 554
f 554 570 571
f 554 571 555
f 555 571 572
f 555 572 556
f 556 572 573
f 556 573 557
f 557 573 574
f 557 574 558
f 558 574 575
f 558 575 559
f 559 575 576
f 559 576 560
f 560 576 561
f 560 561 545
f 561 577 578
f 561 578 562
f 562 578 579
f 562 579 563
f 563 579 580
f 563 580 564
f 564 580 581
f 564 581 565
f 565 581 582
f 565 582 566
f 566 582 583
f 566 583 567
f 567 583 584
f 567 584 568
f 568 584 585
f 568 585 569
f 569 585 586
f 569 586 570
f 570 586 587
f 570 587 571
f 571 587 588
f 571 588 572
f 572 588 589
f 572 589 573
f 573 589 590
f 573 590 574
f 574 590 591
f 574 591 575
f 575 591 592
f 575 592 576
f 576 592 577
f 576 577 561
f 577 593 594
f 577 594 578
f 578 594 595
f 578 595 579
f 579 595 596
f 579 596 580
f 580 596 597
f 580 597 581
f 581 597 598
f 581 598 582
f 582 598 599
f 582 599 583
f 583 599 600
f 583 600 584
f 584 600 601
f 584 601 585
f 585 601 602
f 585 602 586
f 586 602 603
f 586 603 587
f 587 603 604
f 587 604 588
f 588 604 605
f 588 605 589
f 589 605 606
f 589 606 590
f 590 606 607
f 590 607 591
f 591 607 608
f 591 608 592
f 592 608 593
f 592 593 577
f 593 609 610
f 593 610 594
f 594 610 611
f 594 611 595
f 595 611 612
f 595 612 596
f 596 612 613
f 596 613 597
f 597 613 614
f 597 614 598
f 598 614 615
f 598 615 599
f 599 615 616
f 599 616 600
f 600 616 617
f 600 617 601
f 601 617 618
f 601 618 602
f 602 618 619
f 602 619 603
f 603 619 620
f 603 620 604
f 604 620 621
f 604 621 605
f 605 621 622
f 605 622 606
f 606 622 623
f 606 623 607
f 607 623 624
f 607 624 608
f 608 624 609
f 608 609 593
f 609 625 626
f 609 626 610
f 610 626 627
f 610 627 611
f 611 627 628
f 611 628 612
f 612 628 629
f 612 629 613
f 613 629 630
f 613 630 614
f 614 630 631
f 614 631 615
f 615 631 632
f 615 632 616
f 616 632 633
f 616 633 617
f 617 633 634
f 617 634 618
f 618 634 635
f 618 635 619
f 619 635 636
f 619 636 620
f 620 636 637
f 620 637 621
f 621 637 638
f 621 638 622
f 622 638 639
f 622 639 623
f 623 639 640
f 623 640 624
f 624 640 625
f 624 625 609
f 625 641 642
f 625 642 626
f 626 642 643
f 626 643 627
f 627 643 644
f 627 644 628
f 628 644 645
f 628 645 629
f 629 645 646
f 629 646 630
f 630 646 647
f 630 647 631
f 631 647 648
f 631 648 632
f 632 648 649
f 632 649 633
f 633 649 650
f 633 650 634
f 634 650 651
f 634 651 635
f 635 651 652
f 635 652 636
f 636 652 653
f 636 653 637
f 637 653 654
f 637 654 638
f 638 654 655
f 638 655 639
f 639 655 656
f 639 656 640
f 640 656 641
f 640 641 625
f 641 657 658
f 641 658 642
f 642 658 659
f 642 659 643
f 643 659 660
f 643 660 644
f 644 660 661
f 644 661 645
f 645 661 662
f 645 662 646
f 646 662 663
f 646 663 647
f 647 663 664
f 647 664 648
f 648 664 665
f 648 665 649
f 649 665 666
f 649 666 650
f 650 666 667
f 650 667 651
f 651 667 668
f 651 668 652
f 652 668 669
f 652 669 653
f 653 669 670
f 653 670 654
f 654 670 671
f 654 671 655
f 655 671 672
f 655 672 656
f 656 672 657
f 656 657 641
f 657 673 674
f 657 674 658
f 658 674 675
f 658 675 659
f 659 675 676
f 659 676 660
f 660 676 677
f 660 677 661
f 661 677 678
f 661 678 662
f 662 678 679
f 662 679 663
f 663 679 680
f 663 680 664
f 664 680 681
f 664 681 665
f 665 681 682
f 665 682 666
f 666 682 683
f 666 683 667
f 667 683 684
f 667 684 668
f 668 684 685
f 668 685 669
f 669 685 686
f 669 686 670
f 670 686 687
f 670 687 671
f 671 687 688
f 671 688 672
f 672 688 673
f 672 673 657
f 673 689 690
f 673 690 674
f 674 690 691
f 674 691 675
f 675 691 692
f 675 692 676
f 676 692 693
f 676 693 677
f 677 693 694
f 677 694 678
f 678 694 695
f 678 695 679
f 679 695 696
f 679 696 680
f 680 696 697
f 680 697 681
f 681 697 698
f 681 698 682
f 682 698 699
f 682 699 683
f 683 699 700
f 683 700 684
f 684 700 701
f 684 701 685
f 685 701 702
f 685 702 686
f 686 702 703
f 686 703 687
f 687 703 704
f 687 704 688
f 688 704 689
f 688 689 673
f 689 705 706
f 689 706 690
f 690 706 707
f 690 707 691
f 691 707 708
f 691 708 692
f 692 708 709
f 692 709 693
f 693 709 710
f 693 710 694
f 694 710 711
f 694 711 695
f 695 711 712
f 695 712 696
f 696 712 713
f 696 713 697
f 697 713 714
f 697 714 698
f 698 714 715
f 698 715 699
f 699 715 716
f 699 716 700
f 700 716 717
f 700 717 701
f 701 717 718
f 701 718 702
f 702 718 719
f 702 719 703
f 703 719 720
f 703 720 704
f 704 720 705
f 704 705 689
f 705 721 722
f 705 722 706
f 706 722 723
f 706 723 707
f 707 723 724
f 707 724 708
f 708 724 725
f 708 725 709
f 709 725 726
f 709 726 710
f 710 726 727
f 710 727 711
f 711 727 728
f 711 728 712
f 712 728 729
f 712 729 713
f 713 729 730
f 713 730 714
f 714 730 731
f 714 731 715
f 715 731 732
f 715 732 716
f 716 732 733
f 716 733 717
f 717 733 734
f 717 734 718
f 718 734 735
f 718 735 719
f 719 735 736
f 719 736 720
f 720 736 721
f 720 721 705
f 721 737 738
f 721 738 722
f 722 738 739
f 722 739 723
f 723 739 740
f 723 740 724
f 724 740 741
f 724 741 725
f 725 741 742
f 725 742 726
f 726 742 743
f 726 743 727
f 727 743 744
f 727 744 728
f 728 744 745
f 728 745 729
f 729 745 746
f 729 746 730
f 730 746 747
f 730 747 731
f 731 747 748
f 731 748 732
f 732 748 749
f 732 749 733
f 733 749 750
f 733 750 734
f 734 750 751
f 734 751 735
f 735 751 752
f 735 752 736
f 736 752 737
f 736 737 721
f 737 753 754
f 737 754 738
f 738 754 755
f 738 755 739
f 739 755 756
f 739 756 740
f 740 756 757
f 740 757 741
f 741 757 758
f 741 758 742
f 742 758 759
f 742 759 743
f 743 759 760
f 743 760 744
f 744 760 761
f 744 761 745
f 745 761 762
f 745 762 746
f 746 762 763
f 746 763 747
f 747 763 764
f 747 764 748
f 748 764 765
f 748 765 749
f 749 765 766
f 749 766 750
f 750 766 767
f 750 767 751
f 751 767 768
f 751 768 752
f 752 768 753
f 752 753 737
f 753 769 770
f 753 770 754
f 754 770 771
f 754 771 755
f 755 771 772
f 755 772 756
f 756 772 773
f 756 773 757
f 757 773 774
f 757 774 758
f 758 774 775
f 758 775 759
f 759 775 776
f 759 776 760
f 760 776 777
f 760 777 761
f 761 777 778
f 761 778 762
f 762 778 779
f 762 779 763
f 763 779 780
f 763 780 764
f 764 780 781
f 764 781 765
f 765 781 782
f 765 782 766
f 766 782 783
f 766 783 767
f 767 783 784
f 767 784 768
f 768 784 769
f 768 769 753
f 769 785 786
f 769 786 770
f 770 786 787
f 770 787 771
f 771 787 788
f 771 788 772
f 772 788 789
f 772 789 773
f 773 789 790
f 773 790 774
f 774 790 791
f 774 791 775
f 775 791 792
f 775 792 776
f 776 792 793
f 776 793 777
f 777 793 794
f 777 794 778
f 778 794 795
f 778 795 779
f 779 795 796
f 779 796 780
f 780 796 797
f 780 797 781
f 781 797 798
f 781 798 782
f 782 798 799
f 782 799 783
f 783 799 800
f 783 800 784
f 784 800 785
f 784 785 769
f 785 801 802
f 785 802 786
f 786 802 803
f 786 803 787
f 787 803 804
f 787 804 788
f 788 804 805
f 788 805 789
f 789 805 806
f 789 806 790
f 790 806 807
f 790 807 791
f 791 807 808
f 791 808 792
f 792 808 809
f 792 809 793
f 793 809 810
f 793 810 794
f 794 810 811
f 794 811 795
f 795 811 812
f 795 812 796
f 796 812 813
f 796 813 797
f 797 813 814
f 797 814 798
f 798 814 815
f 798 815 799
f 799 815 816
f 799 816 800
f 800 816 801
f 800 801 785
f 801 817 818
f 801 818 802
f 802 818 819
f 802 819 803
f 803 819 820
f 803 820 804
f 804 820 821
f 804 821 805
f 805 821 822
f 805 822 806
f 806 822 823
f 806 823 807
f 807 823 824
f 807 824 808
f 808 824 825
f 808 825 809
f 809 825 826
f 809 826 810
f 810 826 827
f 810 827 811
f 811 827 828
f 811 828 812
f 812 828 829
f 812 829 813
f 813 829 830
f 813 830 814
f 814 830 831
f 814 831 815
f 815 831 832
f 815 832 816
f 816 832 817
f 816 817 801
f 817 833 834
f 817 834 818
f 818 834 835
f 818 835 819
f 819 835 836
f 819 836 820
f 820 836 837
f 820 837 821
f 821 837 838
f 821 838 822
f 822 838 839
f 822 839 823
f 823 839 840
f 823 840 824
f 824 840 841
f 824 841 825
f 825 841 842
f 825 842 826
f 826 842 843
f 826 843 827
f 827 843 844
f 827 844 828
f 828 844 845
f 828 845 829
f 829 845 846
f 829 846 830
f 830 846 847
f 830 847 831
f 831 847 848
f 831 848 832
f 832 848 833
f 832 833 817
f 833 849 850
f 833 850 834
f 834 850 851
f 834 851 835
f 835 851 852
f 835 852 836
f 836 852 853
f 836 853 837
f 837 853 854
f 837 854 838
f 838 854 855
f 838 855 839
f 839 855 856
f 839 856 840
f 840 856 857
f 840 857 841
f 841 857 858
f 841 858 842
f 842 858 859
f 842 859 843
f 843 859 860
f 843 860 844
f 844 860 861
f 844 861 845
f 845 861 862
f 845 862 846
f 846 862 863
f 846 863 847
f 847 863 864
f 847 864 848
f 848 864 849
f 848 849 833
f 849 865 866
f 849 866 850
f 850 866 867
f 850 867 851
f 851 867 868
f 851 868 852
f 852 868 869
f 852 869 853
f 853 869 870
f 853 870 854
f 854 870 871
f 854 871 855
f 855 871 872
f 855 872 856
f 856 872 873
f 856 873 857
f 857 873 874
f 857 874 858
f 858 874 875
f 858 875 859
f 859 875 876
f 859 876 860
f 860 876 877
f 860 877 861
f 861 877 878
f 861 878 862
f 862 878 879
f 862 879 863
f 863 879 880
f 863 880 864
f 864 880 865
f 864 865 849
f 865 881 882
f 865 882 866
f 866 882 883
f 866 883 867
f 867 883 884
f 867 884 868
f 868 884 885
f 868 885 869
f 869 885 886
f 869 886 870
f 870 886 887
f 870 887 871
f 871 887 888
f 871 888 872
f 872 888 889
f 872 889 873
f 873 889 890
f 873 890 874
f 874 890 891
f 874 891 875
f 875 891 892
f 875 892 876
f 876 892 893
f 876 893 877
f 877 893 894
f 877 894 878
f 878 894 895
f 878 895 879
f 879 895 896
f 879 896 880
f 880 896 881
f 880 881 865
f 881 897 898
f 881 898 882
f 882 898 899
f 882 899 883
f 883 899 900
f 883 900 884
f 884 900 901
f 884 901 885
f 885 901 902
f 885 902 886
f 886 902 903
f 886 903 887
f 887 903 904
f 887 904 888
f 888 904 905
f 888 905 889
f 889 905 906
f 889 906 890
f 890 906 907
f 890 907 891
f 891 907 908
f 891 908 892
f 892 908 909
f 892 909 893
f 893 909 910
f 893 910 894
f 894 910 911
f 894 911 895
f 895 911 912
f 895 912 896
f 896 912 897
f 896 897 881
f 897 913 914
f 897 914 898
f 898 914 915
f 898 915 899
f 899 915 916
f 899 916 900
f 900 916 917
f 900 917 901
f 901 917 918
f 901 918 902
f 902 918 919
f 902 919 903
f 903 919 920
f 903 920 904
f 904 920 921
f 904 921 905
f 905 921 922
f 905 922 906
f 906 922 923
f 906 923 907
f 907 923 924
f 907 924 908
f 908 924 925
f 908 925 909
f 909 925 926
f 909 926 910
f 910 926 927
f 910 927 911
f 911 927 928
f 911 928 912
f 912 928 913
f 912 913 897
f 913 929 930
f 913 930 914
f 914 930 931
f 914 931 915
f 915 931 932
f 915 932 916
f 916 932 933
f 916 933 917
f 917 933 934
f 917 934 918
f 918 934 935
f 918 935 919
f 919 935 936
f 919 936 920
f 920 936 937
f 920 937 921
f 921 937 938
f 921 938 922
f 922 938 939
f 922 939 923
f 923 939 940
f 923 940 924
f 924 940 941
f 924 941 925
f 925 941 942
f 925 942 926
f 926 942 943
f 926 943 927
f 927 943 944
f 927 944 928
f 928 944 929
f 928 929 913
f 929 945 946
f 929 946 930
f 930 946 947
f 930 947 931
f 931 947 948
f 931 948 932
f 932 948 949
f 932 949 933
f 933 949 950
f 933 950 934
f 934 950 951
f 934 951 935
f 935 951 952
f 935 952 936
f 936 952 953
f 936 953 937
f 937 953 954
f 937 954 938
f 938 954 955
f 938 955 939
f 939 955 956
f 939 956 940
f 940 956 957
f 940 957 941
f 941 957 958
f 941 958 942
f 942 958 959
f 942 959 943
f 943 959 960
f 943 960 944
f 944 960 945
f 944 945 929
f 945 961 962
f 945 962 946
f 946 962 963
f 946 963 947
f 947 963 964
f 947 964 948
f 948 964 965
f 948 965 949
f 949 965 966
f 949 966 950
f 950 966 967
f 950 967 951
f 951 967 968
f 951 968 952
f 952 968 969
f 952 969 953
f 953 969 970
f 953 970 954
f 954 970 971
f 954 971 955
f 955 971 972
f 955 972 956
f 956 972 973
f 956 973 957
f 957 973 974
f 957 974 958
f 958 974 975
f 958 975 959
f 959 975 976
f 959 976 960
f 960 976 961
f 960 961 945
f 961 977 978
f 961 978 962
f 962 978 979
f 962 979 963
f 963 979 980
f 963 980 964
f 964 980 981
f 964 981 965
f 965 981 982
f 965 982 966
f 966 982 983
f 966 983 967
f 967 983 984
f 967 984 968
f 968 984 985
f 968 985 969
f 969 985 986
f 969 986 970
f 970 986 987
f 970 987 971
f 971 987 988
f 971 988 972
f 972 988 989
f 972 989 973
f 973 989 990
f 973 990 974
f 974 990 991
f 974 991 975
f 975 991 992
f 975 992 976
f 976 992 977
f 976 977 961
f 977 993 994
f 977 994 978
f 978 994 995
f 978 995 979
f 979 995 996
f 979 996 980
f 980 996 997
f 980 997 981
f 981 997 998
f 981 998 982
f 982 998 999
f 982 999 983
f 983 999 1000
f 983 1000 984
f 984 1000 1001
f 984 1001 985
f 985 1001 1002
f 985 1002 986
f 986 1002 1003
f 986 1003 987
f 987 1003 1004
f 987 1004 988
f 988 1004 1005
f 988 1005 989
f 989 1005 1006
f 989 1006 990
f 990 1006 1007
f 990 1007 991
f 991 1007 1008
f 991 1008 992
f 992 1008 993
f 992 993 977
f 993 1009 1010
f 993 1010 994
f 994 1010 1011
f 994 1011 995
f 995 1011 1012
f 995 1012 996
f 996 1012 1013
f 996 1013 997
f 997 1013 1014
f 997 1014 998
f 998 1014 1015
f 998 1015 999
f 999 1015 1016
f 999 1016 1000
f 1000 1016 1017
f 1000 1017 1001
f 1001 1017 1018
f 1001 1018 1002
f 1002 1018 1019
f 1002 1019 1003
f 1003 1019 1020
f 1003 1020 1004
f 1004 1020 1021
f 1004 1021 1005
f 1005 1021 1022
f 1005 1022 1006
f 1006 1022 1023
f 1006 1023 1007
f 1007 1023 1024
f 1007 1024 1008
f 1008 1024 1009
f 1008 1009 993
f 1009 1025 1026
f 1009 1026 1010
f 1010 1026 1027
f 1010 1027 1011
f 1011 1027 1028
f 1011 1028 1012
f 1012 1028 1029
f 1012 1029 1013
f 1013 1029 1030
f 1013 1030 1014
f 1014 1030 1031
f 1014 1031 1015
f 1015 1031 1032
f 1015 1032 1016
f 1016 1032 1033
f 1016 1033 1017
f 1017 1033 1034
f 1017 1034 1018
f 1018 1034 1035
f 1018 1035 1019
f 1019 1035 1036
f 1019 1036 1020
f 1020 1036 1037
f 1020 1037 1021
f 1021 1037 1038
f 1021 1038 1022
f 1022 1038 1039
f 1022 1039 1023
f 1023 1039 1040
f 1023 1040 1024
f 1024 1040 1025
f 1024 1025 1009
f 1025 1041 1042
f 1025 1042 1026
f 1026 1042 1043
f 1026 1043 1027
f 1027 1043 1044
f 1027 1044 1028
f 1028 1044 1045
f 1028 1045 1029
f 1029 1045 1046
f 1029 1046 1030
f 1030 1046 1047
f 1030 1047 1031
f 1031 1047 1048
f 1031 1048 1032
f 1032 1048 1049
f 1032 1049 1033
f 1033 1049 1050
f 1033 1050 1034
f 1034 1050 1051
f 1034 1051 1035
f 1035 1051 1052
f 1035 1052 1036
f 1036 1052 1053
f 1036 1053 1037
f 1037 1053 1054
f 1037 1054 1038
f 1038 1054 1055
f 1038 1055 1039
f 1039 1055 1056
f 1039 1056 1040
f 1040 1056 1041
f 1040 1041 1025
f 1041 1057 1058
f 1041 1058 1042
f 1042 1058 1059
f 1042 1059 1043
f 1043 1059 1060
f 1043 1060 1044
f 1044 1060 1061
f 1044 1061 1045
f 1045 1061 1062
f 1045 1062 1046
f 1046 1062 1063
f 1046 1063 1047
f 1047 1063 1064
f 1047 1064 1048
f 1048 1064 1065
f 1048 1065 1049
f 1049 1065 1066
f 1049 1066 1050
f 1050 1066 1067
f 1050 1067 1051
f 1051 1067 1068
f 1051 1068 1052
f 1052 1068 1069
f 1052 1069 1053
f 1053 1069 1070
f 1053 1070 1054
f 1054 1070 1071
f 1054 1071 1055
f 1055 1071 1072
f 1055 1072 1056
f 1056 1072 1057
f 1056 1057 1041
f 1057 1073 1074
f 1057 1074 1058
f 1058 1074 1075
f 1058 1075 1059
f 1059 1075 1076
f 1059 1076 1060
f 1060 1076 1077
f 1060 1077 1061
f 1061 1077 1078
f 1061 1078 1062
f 1062 1078 1079
f 1062 1079 1063
f 1063 1079 1080
f 1063 1080 1064
f 1064 1080 1081
f 1064 1081 1065
f 1065 1081 1082
f 1065 1082 1066
f 1066 1082 1083
f 1066 1083 1067
f 1067 1083 1084
f 1067 1084 1068
f 1068 1084 1085
f 1068 1085 1069
f 1069 1085 1086
f 1069 1086 1070
f 1070 1086 1087
f 1070 1087 1071
f 1071 1087 1088
f 1071 1088 1072
f 1072 1088 1073
f 1072 1073 1057
f 1073 1089 1090
f 1073 1090 1074
f 1074 1090 1091
f 1074 1091 1075
f 1075 1091 1092
f 1075 1092 1076
f 1076 1092 1093
f 1076 1093 1077
f 1077 1093 1094
f 1077 1094 1078
f 1078 1094 1095
f 1078 1095 1079
f 1079 1095 1096
f 1079 1096 1080
f 1080 1096 1097
f 1080 1097 1081
f 1081 1097 1098
f 1081 1098 1082
f 1082 1098 1099
f 1082 1099 1083
f 1083 1099 1100
f 1083 1100 1084
f 1084 1100 1101
f 1084 1101 1085
f 1085 1101 1102
f 1085 1102 1086
f 1086 1102 1103
f 1086 1103 1087
f 1087 1103 1104
f 1087 1104 1088
f 1088 1104 1089
f 1088 1089 1073
f 1089 1105 1106
f 1089 1106 1090
f 1090 1106 1107
f 1090 1107 1091
f 1091 1107 1108
f 1091 1108 1092
f 1092 1108 1109
f 1092 1109 1093
f 1093 1109 1110
f 1093 1110 1094
f 1094 1110 1111
f 1094 1111 1095
f 1095 1111 1112
f 1095 1112 1096
f 1096 1112 1113
f 1096 1113 1097
f 1097 1113 1114
f 1097 1114 1098
f 1098 1114 1115
f 1098 1115 1099
f 1099 1115 1116
f 1099 1116 1100
f 1100 1116 1117
f 1100 1117 1101
f 1101 1117 1118
f 1101 1118 1102
f 1102 1118 1119
f 1102 1119 1103
f 1103 1119 1120
f 1103 1120 1104
f 1104 1120 1105
f 1104 1105 1089
f 1105 1121 1122
f 1105 1122 1106
f 1106 1122 1123
f 1106 1123 1107
f 1107 1123 1124
f 1107 1124 1108
f 1108 1124 1125
f 1108 1125 1109
f 1109 1125 1126
f 1109 1126 1110
f 1110 1126 1127
f 1110 1127 1111
f 1111 1127 1128
f 1111 1128 1112
f 1112 1128 1129
f 1112 1129 1113
f 1113 1129 1130
f 1113 1130 1114
f 1114 1130 1131
f 1114 1131 1115
f 1115 1131 1132
f 1115 1132 1116
f 1116 1132 1133
f 1116 1133 1117
f 1117 1133 1134
f 1117 1134 1118
f 1118 1134 1135
f 1118 1135 1119
f 1119 1135 1136
f 1119 1136 1120
f 1120 1136 1121
f 1120 1121 1105
f 1121 1137 1138
f 1121 1138 1122
f 1122 1138 1139
f 1122 1139 1123
f 1123 1139 1140
f 1123 1140 1124
f 1124 1140 1141
f 1124 1141 1125
f 1125 1141 1142
f 1125 1142 1126
f 1126 1142 1143
f 1126 1143 1127
f 1127 1143 1144
f 1127 1144 1128
f 1128 1144 1145
f 1128 1145 1129
f 1129 1145 1146
f 1129 1146 1130
f 1130 1146 1147
f 1130 1147 1131
f 1131 1147 1148
f 1131 1148 1132
f 1132 1148 1149
f 1132 1149 1133
f 1133 1149 1150
f 1133 1150 1134
f 1134 1150 1151
f 1134 1151 1135
f 1135 1151 1152
f 1135 1152 1136
f 1136 1152 1137
f 1136 1137 1121
f 1137 1153 1154
f 1137 1154 1138
f 1138 1154 1155
f 1138 1155 1139
f 1139 1155 1156
f 1139 1156 1140
f 1140 1156 1157
f 1140 1157 1141
f 1141 1157 1158
f 1141 1158 1142
f 1142 1158 1159
f 1142 1159 1143
f 1143 1159 1160
f 1143 1160 1144
f 1144 1160 1161
f 1144 1161 1145
f 1145 1161 1162
f 1145 1162 1146
f 1146 1162 1163
f 1146 1163 1147
f 1147 1163 1164
f 1147 1164 1148
f 1148 1164 1165
f 1148 1165 1149
f 1149 1165 1166
f 1149 1166 1150
f 1150 1166 1167
f 1150 1167 1151
f 1151 1167 1168
f 1151 1168 1152
f 1152 1168 1153
f 1152 1153 1137
f 1153 1169 1170
f 1153 1170 1154
f 1154 1170 1171
f 1154 1171 1155
f 1155 1171 1172
f 1155 1172 1156
f 1156 1172 1173
f 1156 1173 1157
f 1157 1173 1174
f 1157 1174 1158
f 1158 1174 1175
f 1158 1175 1159
f 1159 1175 1176
f 1159 1176 1160
f 1160 1176 1177
f 1160 1177 1161
f 1161 1177 1178
f 1161 1178 1162
f 1162 1178 1179
f 1162 1179 1163
f 1163 1179 1180
f 1163 1180 1164
f 1164 1180 1181
f 1164 1181 1165
f 1165 1181 1182
f 1165 1182 1166
f 1166 1182 1183
f 1166 1183 1167
f 1167 1183 1184
f 1167 1184 1168
f 1168 1184 1169
f 1168 1169 1153
f 1169 1185 1186
f 1169 1186 1170
f 1170 1186 1187
f 1170 1187 1171
f 1171 1187 1188
f 1171 1188 1172
f 1172 1188 1189
f 1172 1189 1173
f 1173 1189 1190
f 1173 1190 1174
f 1174 1190 1191
f 1174 1191 1175
f 1175 1191 1192
f 1175 1192 1176
f 1176 1192 1193
f 1176 1193 1177
f 1177 1193 1194
f 1177 1194 1178
f 1178 1194 1195
f 1178 1195 1179
f 1179 1195 1196
f 1179 1196 1180
f 1180 1196 1197
f 1180 1197 1181
f 1181 1197 1198
f 1181 1198 1182
f 1182 1198 1199
f 1182 1199 1183
f 1183 1199 1200
f 1183 1200 1184
f 1184 1200 1185
f 1184 1185 1169
f 1185 1201 1202
f 1185 1202 1186
f 1186 1202 1203
f 1186 1203 1187
f 1187 1203 1204
f 1187 1204 1188
f 1188 1204 1205
f 1188 1205 1189
f 1189 1205 1206
f 1189 1206 1190
f 1190 1206 1207
f 1190 1207 1191
f 1191 1207 1208
f 1191 1208 1192
f 1192 1208 1209
f 1192 1209 1193
f 1193 1209 1210
f 1193 1210 1194
f 1194 1210 1211
f 1194 1211 1195
f 1195 1211 1212
f 1195 1212 1196
f 1196 1212 1213
f 1196 1213 1197
f 1197 1213 1214
f 1197 1214 1198
f 1198 1214 1215
f 1198 1215 1199
f 1199 1215 1216
f 1199 1216 1200
f 1200 1216 1201
f 1200 1201 1185
f 1201 1217 1218
f 1201 1218 1202
f 1202 1218 1219
f 1202 1219 1203
f 1203 1219 1220
f 1203 1220 1204
f 1204 1220 1221
f 1204 1221 1205
f 1205 1221 1222
f 1205 1222 1206
f 1206 1222 1223
f 1206 1223 1207
f 1207 1223 1224
f 1207 1224 1208
f 1208 1224 1225
f 1208 1225 1209
f 1209 1225 1226
f 1209 1226 1210
f 1210 1226 1227
f 1210 1227 1211
f 1211 1227 1228
f 1211 1228 1212
f 1212 1228 1229
f 1212 1229 1213
f 1213 1229 1230
f 1213 1230 1214
f 1214 1230 1231
f 1214 1231 1215
f 1215 1231 1232
f 1215 1232 1216
f 1216 1232 1217
f 1216 1217 1201
f 1217 1233 1234
f 1217 1234 1218
f 1218 1234 1235
f 1218 1235 1219
f 1219 1235 1236
f 1219 1236 1220
f 1220 1236 1237
f 1220 1237 1221
f 1221 1237 1238
f 1221 1238 1222
f 1222 1238 1239
f 1222 1239 1223
f 1223 1239 1240
f 1223 1240 1224
f 1224 1240 1241
f 1224 1241 1225
f 1225 1241 1242
f 1225 1242 1226
f 1226 1242 1243
f 1226 1243 1227
f 1227 1243 1244
f 1227 1244 1228
f 1228 1244 1245
f 1228 1245 1229
f 1229 1245 1246
f 1229 1246 1230
f 1230 1246 1247
f 1230 1247 1231
f 1231 1247 1248
f 1231 1248 1232
f 1232 1248 1233
f 1232 1233 1217
f 1233 1249 1250
f 1233 1250 1234
f 1234 1250 1251
f 1234 1251 1235
f 1235 1251 1252
f 1235 1252 1236
f 1236 1252 1253
f 1236 1253 1237
f 1237 1253 1254
f 1237 1254 1238
f 1238 1254 1255
f 1238 1255 1239
f 1239 1255 1256
f 1239 1256 1240
f 1240 1256 1257
f 1240 1257 1241
f 1241 1257 1258
f 1241 1258 1242
f 1242 1258 1259
f 1242 1259 1243
f 1243 1259 1260
f 1243 1260 1244
f 1244 1260 1261
f 1244 1261 1245
f 1245 1261 1262
f 1245 1262 1246
f 1246 1262 1263
f 1246 1263 1247
f 1247 1263 1264
f 1247 1264 1248
f 1248 1264 1249
f 1248 1249 1233
f 1249 1265 1266
f 1249 1266 1250
f 1250 1266 1267
f 1250 1267 1251
f 1251 1267 1268
f 1251 1268 1252
f 1252 1268 1269
f 1252 1269 1253
f 1253 1269 1270
f 1253 1270 1254
f 1254 1270 1271
f 1254 1271 1255
f 1255 1271 1272
f 1255 1272 1256
f 1256 1272 1273
f 1256 1273 1257
f 1257 1273 1274
f 1257 1274 1258
f 1258 1274 1275
f 1258 1275 1259
f 1259 1275 1276
f 1259 1276 1260
f 1260 1276 1277
f 1260 1277 1261
f 1261 1277 1278
f 1261 1278 1262
f 1262 1278 1279
f 1262 1279 1263
f 1263 1279 1280
f 1263 1280 1264
f 1264 1280 1265
f 1264 1265 1249
f 1265 1281 1282
f 1265 1282 1266
f 1266 1282 1283
f 1266 1283 1267
f 1267 1283 1284
f 1267 1284 1268
f 1268 1284 1285
f 1268 1285 1269
f 1269 1285 1286
f 1269 1286 1270
f 1270 1286 1287
f 1270 1287 1271
f 1271 1287 1288
f 1271 1288 1272
f 1272 1288 1289
f 1272 1289 1273
f 1273 1289 1290
f 1273 1290 1274
f 1274 1290 1291
f 1274 1291 1275
f 1275 1291 1292
f 1275 1292 1276
f 1276 1292 1293
f 1276 1293 1277
f 1277 1293 1294
f 1277 1294 1278
f 1278 1294 1295
f 1278 1295 1279
f 1279 1295 1296
f 1279 1296 1280
f 1280 1296 1281
f 1280 1281 1265
f 1281 1297 1298
f 1281 1298 1282
f 1282 1298 1299
f 1282 1299 1283
f 1283 1299 1300
f 1283 1300 1284
f 1284 1300 1301
f 1284 1301 1285
f 1285 1301 1302
f 1285 1302 1286
f 1286 1302 1303
f 1286 1303 1287
f 1287 1303 1304
f 1287 1304 1288
f 1288 1304 1305
f 1288 1305 1289
f 1289 1305 1306
f 1289 1306 1290
f 1290 1306 1307
f 1290 1307 1291
f 1291 1307 1308
f 1291 1308 1292
f 1292 1308 1309
f 1292 1309 1293
f 1293 1309 1310
f 1293 1310 1294
f 1294 1310 1311
f 1294 1311 1295
f 1295 1311 1312
f 1295 1312 1296
f 1296 1312 1297
f 1296 1297 1281
f 1297 1313 1314
f 1297 1314 1298
f 1298 1314 1315
f 1298 1315 1299
f 1299 1315 1316
f 1299 1316 1300
f 1300 1316 1317
f 1300 1317 1301
f 1301 1317 1318
f 1301 1318 1302
f 1302 1318 1319
f 1302 1319 1303
f 1303 1319 1320
f 1303 1320 1304
f 1304 1320 1321
f 1304 1321 1305
f 1305 1321 1322
f 1305 1322 1306
f 1306 1322 1323
f 1306 1323 1307
f 1307 1323 1324
f 1307 1324 1308
f 1308 1324 1325
f 1308 1325 1309
f 1309 1325 1326
f 1309 1326 1310
f 1310 1326 1327
f 1310 1327 1311
f 1311 1327 1328
f 1311 1328 1312
f 1312 1328 1313
f 1312 1313 1297
f 1313 1329 1330
f 1313 1330 1314
f 1314 1330 1331
f 1314 1331 1315
f 1315 1331 1332
f 1315 1332 1316
f 1316 1332 1333
f 1316 1333 1317
f 1317 1333 1334
f 1317 1334 1318
f 1318 1334 1335
f 1318 1335 1319
f 1319 1335 1336
f 1319 1336 1320
f 1320 1336 1337
f 1320 1337 1321
f 1321 1337 1338
f 1321 1338 1322
f 1322 1338 1339
f 1322 1339 1323
f 1323 1339 1340
f 1323 1340 1324
f 1324 1340 1341
f 1324 1341 1325
f 1325 1341 1342
f 1325 1342 1326
f 1326 1342 1343
f 1326 1343 1327
f 1327 1343 1344
f 1327 1344 1328
f 1328 1344 1329
f 1328 1329 1313
f 1329 1345 1346
f 1329 1346 1330
f 1330 1346 1347
f 1330 1347 1331
f 1331 1347 1348
f 1331 1348 1332
f 1332 1348 1349
f 1332 1349 1333
f 1333 1349 1350
f 1333 1350 1334
f 1334 1350 1351
f 1334 1351 1335
f 1335 1351 1352
f 1335 1352 1336
f 1336 1352 1353
f 1336 1353 1337
f 1337 1353 1354
f 1337 1354 1338
f 1338 1354 1355
f 1338 1355 1339
f 1339 1355 1356
f 1339 1356 1340
f 1340 1356 1357
f 1340 1357 1341
f 1341 1357 1358
f 1341 1358 1342
f 1342 1358 1359
f 1342 1359 1343
f 1343 1359 1360
f 1343 1360 1344
f 1344 1360 1345
f 1344 1345 1329
f 1345 1361 1362
f 1345 1362 1346
f 1346 1362 1363
f 1346 1363 1347
f 1347 1363 1364
f 1347 1364 1348
f 1348 1364 1365
f 1348 1365 1349
f 1349 1365 1366
f 1349 1366 1350
f 1350 1366 1367
f 1350 1367 1351
f 1351 1367 1368
f 1351 1368 1352
f 1352 1368 1369
f 1352 1369 1353
f 1353 1369 1370
f 1353 1370 1354
f 1354 1370 1371
f 1354 1371 1355
f 1355 1371 1372
f 1355 1372 1356
f 1356 1372 1373
f 1356 1373 1357
f 1357 1373 1374
f 1357 1374 1358
f 1358 1374 1375
f 1358 1375 1359
f 1359 1375 1376
f 1359 1376 1360
f 1360 1376 1361
f 1360 1361 1345
f 1361 1377 1378
f 1361 1378 1362
f 1362 1378 1379
f 1362 1379 1363
f 1363 1379 1380
f 1363 1380 1364
f 1364 1380 1381
f 1364 1381 1365
f 1365 1381 1382
f 1365 1382 1366
f 1366 1382 1383
f 1366 1383 1367
f 1367 1383 1384
f 1367 1384 1368
f 1368 1384 1385
f 1368 1385 1369
f 1369 1385 1386
f 1369 1386 1370
f 1370 1386 1387
f 1370 1387 1371
f 1371 1387 1388
f 1371 1388 1372
f 1372 1388 1389
f 1372 1389 1373
f 1373 1389 1390
f 1373 1390 1374
f 1374 1390 1391
f 1374 1391 1375
f 1375 1391 1392
f 1375 1392 1376
f 1376 1392 1377
f 1376 1377 1361
f 1377 1393 1394
f 1377 1394 1378
f 1378 1394 1395
f 1378 1395 1379
f 1379 1395 1396
f 1379 1396 1380
f 1380 1396 1397
f 1380 1397 1381
f 1381 1397 1398
f 1381 1398 1382
f 1382 1398 1399
f 1382 1399 1383
f 1383 1399 1400
f 1383 1400 1384
f 1384 1400 1401
f 1384 1401 1385
f 1385 1401 1402
f 1385 1402 1386
f 1386 1402 1403
f 1386 1403 1387
f 1387 1403 1404
f 1387 1404 1388
f 1388 1404 1405
f 1388 1405 1389
f 1389 1405 1406
f 1389 1406 1390
f 1390 1406 1407
f 1390 1407 1391
f 1391 1407 1408
f 1391 1408 1392
f 1392 1408 1393
f 1392 1393 1377
f 1393 1409 1410
f 1393 1410 1394
f 1394 1410 1411
f 1394 1411 1395
f 1395 1411 1412
f 1395 1412 1396
f 1396 1412 1413
f 1396 1413 1397
f 1397 1413 1414
f 1397 1414 1398
f 1398 1414 1415
f 1398 1415 1399
f 1399 1415 1416
f 1399 1416 1400
f 1400 1416 1417
f 1400 1417 1401
f 1401 1417 1418
f 1401 1418 1402
f 1402 1418 1419
f 1402 1419 1403
f 1403 1419 1420
f 1403 1420 1404
f 1404 1420 1421
f 1404 1421 1405
f 1405 1421 1422
f 1405 1422 1406
f 1406 1422 1423
f 1406 1423 1407
f 1407 1423 1424
f 1407 1424 1408
f 1408 1424 1409
f 1408 1409 1393
f 1409 1425 1426
f 1409 1426 1410
f 1410 1426 1427
f 1410 1427 1411
f 1411 1427 1428
f 1411 1428 1412
f 1412 1428 1429
f 1412 1429 1413
f 1413 1429 1430
f 1413 1430 1414
f 1414 1430 1431
f 1414 1431 1415
f 1415 1431 1432
f 1415 1432 1416
f 1416 1432 1433
f 1416 1433 1417
f 1417 1433 1434
f 1417 1434 1418
f 1418 1434 1435
f 1418 1435 1419
f 1419 1435 1436
f 1419 1436 1420
f 1420 1436 1437
f 1420 1437 1421
f 1421 1437 1438
f 1421 1438 1422
f 1422 1438 1439
f 1422 1439 1423
f 1423 1439 1440
f 1423 1440 1424
f 1424 1440 1425
f 1424 1425 1409
f 1425 1441 1442
f 1425 1442 1426
f 1426 1442 1443
f 1426 1443 1427
f 1427 1443 1444
f 1427 1444 1428
f 1428 1444 1445
f 1428 1445 1429
f 1429 1445 1446
f 1429 1446 1430
f 1430 1446 1447
f 1430 1447 1431
f 1431 1447 1448
f 1431 1448 1432
f 1432 1448 1449
f 1432 1449 1433
f 1433 1449 1450
f 1433 1450 1434
f 1434 1450 1451
f 1434 1451 1435
f 1435 1451 1452
f 1435 1452 1436
f 1436 1452 1453
f 1436 1453 1437
f 1437 1453 1454
f 1437 1454 1438
f 1438 1454 1455
f 1438 1455 1439
f 1439 1455 1456
f 1439 1456 1440
f 1440 1456 1441
f 1440 1441 1425
f 1441 1457 1458
f 1441 1458 1442
f 1442 1458 1459
f 1442 1459 1443
f 1443 1459 1460
f 1443 1460 1444
f 1444 1460 1461
f 1444 1461 1445
f 1445 1461 1462
f 1445 1462 1446
f 1446 1462 1463
f 1446 1463 1447
f 1447 1463 1464
f 1447 1464 1448
f 1448 1464 1465
f 1448 1465 1449
f 1449 1465 1466
f 1449 1466 1450
f 1450 1466 1467
f 1450 1467 1451
f 1451 1467 1468
f 1451 1468 1452
f 1452 1468 1469
f 1452 1469 1453
f 1453 1469 1470
f 1453 1470 1454
f 1454 1470 1471
f 1454 1471 1455
f 1455 1471 1472
f 1455 1472 1456
f 1456 1472 1457
f 1456 1457 1441
f 1457 1473 1474
f 1457 1474 1458
f 1458 1474 1475
f 1458 1475 1459
f 1459 1475 1476
f 1459 1476 1460
f 1460 1476 1477
f 1460 1477 1461
f 1461 1477 1478
f 1461 1478 1462
f 1462 1478 1479
f 1462 1479 1463
f 1463 1479 1480
f 1463 1480 1464
f 1464 1480 1481
f 1464 1481 1465
f 1465 1481 1482
f 1465 1482 1466
f 1466 1482 1483
f 1466 1483 1467
f 1467 1483 1484
f 1467 1484 1468
f 1468 1484 1485
f 1468 1485 1469
f 1469 1485 1486
f 1469 1486 1470
f 1470 1486 1487
f 1470 1487 1471
f 1471 1487 1488
f 1471 1488 1472
f 1472 1488 1473
f 1472 1473 1457
f 1473 1489 1490
f 1473 1490 1474
f 1474 1490 1491
f 1474 1491 1475
f 1475 1491 1492
f 1475 1492 1476
f 1476 1492 1493
f 1476 1493 1477
f 1477 1493 1494
f 1477 1494 1478
f 1478 1494 1495
f 1478 1495 1479
f 1479 1495 1496
f 1479 1496 1480
f 1480 1496 1497
f 1480 1497 1481
f 1481 1497 1498
f 1481 1498 1482
f 1482 1498 1499
f 1482 1499 1483
f 1483 1499 1500
f 1483 1500 1484
f 1484 1500 1501
f 1484 1501 1485
f 1485 1501 1502
f 1485 1502 1486
f 1486 1502 1503
f 1486 1503 1487
f 1487 1503 1504
f 1487 1504 1488
f 1488 1504 1489
f 1488 1489 1473
f 1489 1505 1506
f 1489 1506 1490
f 1490 1506 1507
f 1490 1507 1491
f 1491 1507 1508
f 1491 1508 1492
f 1492 1508 1509
f 1492 1509 1493
f 1493 1509 1510
f 1493 1510 1494
f 1494 1510 1511
f 1494 1511 1495
f 1495 1511 1512
f 1495 1512 1496
f 1496 1512 1513
f 1496 1513 1497
f 1497 1513 1514
f 1497 1514 1498
f 1498 1514 1515
f 1498 1515 1499
f 1499 1515 1516
f 1499 1516 1500
f 1500 1516 1517
f 1500 1517 1501
f 1501 1517 1518
f 1501 1518 1502
f 1502 1518 1519
f 1502 1519 1503
f 1503 1519 1520
f 1503 1520 1504
f 1504 1520 1505
f 1504 1505 1489
f 1505 1521 1522
f 1505 1522 1506
f 1506 1522 1523
f 1506 1523 1507
f 1507 1523 1524
f 1507 1524 1508
f 1508 1524 1525
f 1508 1525 1509
f 1509 1525 1526
f 1509 1526 1510
f 1510 1526 1527
f 1510 1527 1511
f 1511 1527 1528
f 1511 1528 1512
f 1512 1528 1529
f 1512 1529 1513
f 1513 1529 1530
f 1513 1530 1514
f 1514 1530 1531
f 1514 1531 1515
f 1515 1531 1532
f 1515 1532 1516
f 1516 1532 1533
f 1516 1533 1517
f 1517 1533 1534
f 1517 1534 1518
f 1518 1534 1535
f 1518 1535 1519
f 1519 1535 1536
f 1519 1536 1520
f 1520 1536 1521
f 1520 1521 1505
f 1521 1537 1538
f 1521 1538 1522
f 1522 1538 1539
f 1522 1539 1523
f 1523 1539 1540
f 1523 1540 1524
f 1524 1540 1541
f 1524 1541 1525
f 1525 1541 1542
f 1525 1542 1526
f 1526 1542 1543
f 1526 1543 1527
f 1527 1543 1544
f 1527 1544 1528
f 1528 1544 1545
f 1528 1545 1529
f 1529 1545 1546
f 1529 1546 1530
f 1530 1546 1547
f 1530 1547 1531
f 1531 1547 1548
f 1531 1548 1532
f 1532 1548 1549
f 1532 1549 1533
f 1533 1549 1550
f 1533 1550 1534
f 1534 1550 1551
f 1534 1551 1535
f 1535 1551 1552
f 1535 1552 1536
f 1536 1552 1537
f 1536 1537 1521
f 1537 1553 1554
f 1537 1554 1538
f 1538 1554 1555
f 1538 1555 1539
f 1539 1555 1556
f 1539 1556 1540
f 1540 1556 1557
f 1540 1557 1541
f 1541 1557 1558
f 1541 1558 1542
f 1542 1558 1559
f 1542 1559 1543
f 1543 1559 1560
f 1543 1560 1544
f 1544 1560 1561
f 1544 1561 1545
f 1545 1561 1562
f 1545 1562 1546
f 1546 1562 1563
f 1546 1563 1547
f 1547 1563 1564
f 1547 1564 1548
f 1548 1564 1565
f 1548 1565 1549
f 1549 1565 1566
f 1549 1566 1550
f 1550 1566 1567
f 1550 1567 1551
f 1551 1567 1568
f 1551 1568 1552
f 1552 1568 1553
f 1552 1553 1537
f 1553 1569 1570
f 1553 1570 1554
f 1554 1570 1571
f 1554 1571 1555
f 1555 1571 1572
f 1555 1572 1556
f 1556 1572 1573
f 1556 1573 1557
f 1557 1573 1574
f 1557 1574 1558
f 1558 1574 1575
f 1558 1575 1559
f 1559 1575 1576
f 1559 1576 1560
f 1560 1576 1577
f 1560 1577 1561
f 1561 1577 1578
f 1561 1578 1562
f 1562 1578 1579
f 1562 1579 1563
f 1563 1579 1580
f 1563 1580 1564
f 1564 1580 1581
f 1564 1581 1565
f 1565 1581 1582
f 1565 1582 1566
f 1566 1582 1583
f 1566 1583 1567
f 1567 1583 1584
f 1567 1584 1568
f 1568 1584 1569
f 1568 1569 1553
f 1569 1585 1586
f 1569 1586 1570
f 1570 1586 1587
f 1570 1587 1571
f 1571 1587 1588
f 1571 1588 1572
f 1572 1588 1589
f 1572 1589 1573
f 1573 1589 1590
f 1573 1590 1574
f 1574 1590 1591
f 1574 1591 1575
f 1575 1591 1592
f 1575 1592 1576
f 1576 1592 1593
f 1576 1593 1577
f 1577 1593 1594
f 1577 1594 1578
f 1578 1594 1595
f 1578 1595 1579
f 1579 1595 1596
f 1579 1596 1580
f 1580 1596 1597
f 1580 1597 1581
f 1581 1597 1598
f 1581 1598 1582
f 1582 1598 1599
f 1582 1599 1583
f 1583 1599 1600
f 1583 1600 1584
f 1584 1600 1585
f 1584 1585 1569
f 1585 1601 1602
f 1585 1602 1586
f 1586 1602 1603
f 1586 1603 1587
f 1587 1603 1604
f 1587 1604 1588
f 1588 1604 1605
f 1588 1605 1589
f 1589 1605 1606
f 1589 1606 1590
f 1590 1606 1607
f 1590 1607 1591
f 1591 1607 1608
f 1591 1608 1592
f 1592 1608 1609
f 1592 1609 1593
f 1593 1609 1610
f 1593 1610 1594
f 1594 1610 1611
f 1594 1611 1595
f 1595 1611 1612
f 1595 1612 1596
f 1596 1612 1613
f 1596 1613 1597
f 1597 1613 1614
f 1597 1614 1598
f 1598 1614 1615
f 1598 1615 1599
f 1599 1615 1616
f 1599 1616 1600
f 1600 1616 1601
f 1600 1601 1585
f 1601 1617 1618
f 1601 1618 1602
f 1602 1618 1619
f 1602 1619 1603
f 1603 1619 1620
f 1603 1620 1604
f 1604 1620 1621
f 1604 1621 1605
f 1605 1621 1622
f 1605 1622 1606
f 1606 1622 1623
f 1606 1623 1607
f 1607 1623 1624
f 1607 1624 1608
f 1608 1624 1625
f 1608 1625 1609
f 1609 1625 1626
f 1609 1626 1610
f 1610 1626 1627
f 1610 1627 1611
f 1611 1627 1628
f 1611 1628 1612
f 1612 1628 1629
f 1612 1629 1613
f 1613 1629 1630
f 1613 1630 1614
f 1614 1630 1631
f 1614 1631 1615
f 1615 1631 1632
f 1615 1632 1616
f 1616 1632 1617
f 1616 1617 1601
f 1617 1633 1634
f 1617 1634 1618
f 1618 1634 1635
f 1618 1635 1619
f 1619 1635 1636
f 1619 1636 1620
f 1620 1636 1637
f 1620 1637 1621
f 1621 1637 1638
f 1621 1638 1622
f 1622 1638 1639
f 1622 1639 1623
f 1623 1639 1640
f 1623 1640 1624
f 1624 1640 1641
f 1624 1641 1625
f 1625 1641 1642
f 1625 1642 1626
f 1626 1642 1643
f 1626 1643 1627
f 1627 1643 1644
f 1627 1644 1628
f 1628 1644 1645
f 1628 1645 1629
f 1629 1645 1646
f 1629 1646 1630
f 1630 1646 1647
f 1630 1647 1631
f 1631 1647 1648
f 1631 1648 1632
f 1632 1648 1633
f 1632 1633 1617
f 1633 1649 1650
f 1633 1650 1634
f 1634 1650 1651
f 1634 1651 1635
f 1635 1651 1652
f 1635 1652 1636
f 1636 1652 1653
f 1636 1653 1637
f 1637 1653 1654
f 1637 1654 1638
f 1638 1654 1655
f 1638 1655 1639
f 1639 1655 1656
f 1639 1656 1640
f 1640 1656 1657
f 1640 1657 1641
f 1641 1657 1658
f 1641 1658 1642
f 1642 1658 1659
f 1642 1659 1643
f 1643 1659 1660
f 1643 1660 1644
f 1644 1660 1661
f 1644 1661 1645
f 1645 1661 1662
f 1645 1662 1646
f 1646 1662 1663
f 1646 1663 1647
f 1647 1663 1664
f 1647 1664 1648
f 1648 1664 1649
f 1648 1649 1633
f 1649 1665 1666
f 1649 1666 1650
f 1650 1666 1667
f 1650 1667 1651
f 1651 1667 1668
f 1651 1668 1652
f 1652 1668 1669
f 1652 1669 1653
f 1653 1669 1670
f 1653 1670 1654
f 1654 1670 1671
f 1654 1671 1655
f 1655 1671 1672
f 1655 1672 1656
f 1656 1672 1673
f 1656 1673 1657
f 1657 1673 1674
f 1657 1674 1658
f 1658 1674 1675
f 1658 1675 1659
f 1659 1675 1676
f 1659 1676 1660
f 1660 1676 1677
f 1660 1677 1661
f 1661 1677 1678
f 1661 1678 1662
f 1662 1678 1679
f 1662 1679 1663
f 1663 1679 1680
f 1663 1680 1664
f 1664 1680 1665
f 1664 1665 1649
f 1665 1681 1682
f 1665 1682 1666
f 1666 1682 1683
f 1666 1683 1667
f 1667 1683 1684
f 1667 1684 1668
f 1668 1684 1685
f 1668 1685 1669
f 1669 1685 1686
f 1669 1686 1670
f 1670 1686 1687
f 1670 1687 1671
f 1671 1687 1688
f 1671 1688 1672
f 1672 1688 1689
f 1672 1689 1673
f 1673 1689 1690
f 1673 1690 1674
f 1674 1690 1691
f 1674 1691 1675
f 1675 1691 1692
f 1675 1692 1676
f 1676 1692 1693
f 1676 1693 1677
f 1677 1693 1694
f 1677 1694 1678
f 1678 1694 1695
f 1678 1695 1679
f 1679 1695 1696
f 1679 1696 1680
f 1680 1696 1681
f 1680 1681 1665
f 1681 1697 1698
f 1681 1698 1682
f 1682 1698 1699
f 1682 1699 1683
f 1683 1699 1700
f 1683 1700 1684
f 1684 1700 1701
f 1684 1701 1685
f 1685 1701 1702
f 1685 1702 1686
f 1686 1702 1703
f 1686 1703 1687
f 1687 1703 1704
f 1687 1704 1688
f 1688 1704 1705
f 1688 1705 1689
f 1689 1705 1706
f 1689 1706 1690
f 1690 1706 1707
f 1690 1707 1691
f 1691 1707 1708
f 1691 1708 1692
f 1692 1708 1709
f 1692 1709 1693
f 1693 1709 1710
f 1693 1710 1694
f 1694 1710 1711
f 1694 1711 1695
f 1695 1711 1712
f 1695 1712 1696
f 1696 1712 1697
f 1696 1697 1681
f 1697 1713 1714
f 1697 1714 1698
f 1698 1714 1715
f 1698 1715 1699
f 1699 1715 1716
f 1699 1716 1700
f 1700 1716 1717
f 1700 1717 1701
f 1701 1717 1718
f 1701 1718 1702
f 1702 1718 1719
f 1702 1719 1703
f 1703 1719 1720
f 1703 1720 1704
f 1704 1720 1721
f 1704 1721 1705
f 1705 1721 1722
f 1705 1722 1706
f 1706 1722 1723
f 1706 1723 1707
f 1707 1723 1724
f 1707 1724 1708
f 1708 1724 1725
f 1708 1725 1709
f 1709 1725 1726
f 1709 1726 1710
f 1710 1726 1727
f 1710 1727 1711
f 1711 1727 1728
f 1711 1728 1712
f 1712 1728 1713
f 1712 1713 1697
f 1713 1729 1730
f 1713 1730 1714
f 1714 1730 1731
f 1714 1731 1715
f 1715 1731 1732
f 1715 1732 1716
f 1716 1732 1733
f 1716 1733 1717
f 1717 1733 1734
f 1717 1734 1718
f 1718 1734 1735
f 1718 1735 1719
f 1719 1735 1736
f 1719 1736 1720
f 1720 1736 1737
f 1720 1737 1721
f 1721 1737 1738
f 1721 1738 1722
f 1722 1738 1739
f 1722 1739 1723
f 1723 1739 1740
f 1723 1740 1724
f 1724 1740 1741
f 1724 1741 1725
f 1725 1741 1742
f 1725 1742 1726
f 1726 1742 1743
f 1726 1743 1727
f 1727 1743 1744
f 1727 1744 1728
f 1728 1744 1729
f 1728 1729 1713
f 1729 1745 1746
f 1729 1746 1730
f 1730 1746 1747
f 1730 1747 1731
f 1731 1747 1748
f 1731 1748 1732
f 1732 1748 1749
f 1732 1749 1733
f 1733 1749 1750
f 1733 1750 1734
f 1734 1750 1751
f 1734 1751 1735
f 1735 1751 1752
f 1735 1752 1736
f 1736 1752 1753
f 1736 1753 1737
f 1737 1753 1754
f 1737 1754 1738
f 1738 1754 1755
f 1738 1755 1739
f 1739 1755 1756
f 1739 1756 1740
f 1740 1756 1757
f 1740 1757 1741
f 1741 1757 1758
f 1741 1758 1742
f 1742 1758 1759
f 1742 1759 1743
f 1743 1759 1760
f 1743 1760 1744
f 1744 1760 1745
f 1744 1745 1729
f 1745 1761 1762
f 1745 1762 1746
f 1746 1762 1763
f 1746 1763 1747
f 1747 1763 1764
f 1747 1764 1748
f 1748 1764 1765
f 1748 1765 1749
f 1749 1765 1766
f 1749 1766 1750
f 1750 1766 1767
f 1750 1767 1751
f 1751 1767 1768
f 1751 1768 1752
f 1752 1768 1769
f 1752 1769 1753
f 1753 1769 1770
f 1753 1770 1754
f 1754 1770 1771
f 1754 1771 1755
f 1755 1771 1772
f 1755 1772 1756
f 1756 1772 1773
f 1756 1773 1757
f 1757 1773 1774
f 1757 1774 1758
f 1758 1774 1775
f 1758 1775 1759
f 1759 1775 1776
f 1759 1776 1760
f 1760 1776 1761
f 1760 1761 1745
f 1761 1777 1778
f 1761 1778 1762
f 1762 1778 1779
f 1762 1779 1763
f 1763 1779 1780
f 1763 1780 1764
f 1764 1780 1781
f 1764 1781 1765
f 1765 1781 1782
f 1765 1782 1766
f 1766 1782 1783
f 1766 1783 1767
f 1767 1783 1784
f 1767 1784 1768
f 1768 1784 1785
f 1768 1785 1769
f 1769 1785 1786
f 1769 1786 1770
f 1770 1786 1787
f 1770 1787 1771
f 1771 1787 1788
f 1771 1788 1772
f 1772 1788 1789
f 1772 1789 1773
f 1773 1789 1790
f 1773 1790 1774
f 1774 1790 1791
f 1774 1791 1775
f 1775 1791 1792
f 1775 1792 1776
f 1776 1792 1777
f 1776 1777 1761
f 1777 1793 1794
f 1777 1794 1778
f 1778 1794 1795
f 1778 1795 1779
f 1779 1795 1796
f 1779 1796 1780
f 1780 1796 1797
f 1780 1797 1781
f 1781 1797 1798
f 1781 1798 1782
f 1782 1798 1799
f 1782 1799 1783
f 1783 1799 1800
f 1783 1800 1784
f 1784 1800 1801
f 1784 1801 1785
f 1785 1801 1802
f 1785 1802 1786
f 1786 1802 1803
f 1786 1803 1787
f 1787 1803 1804
f 1787 1804 1788
f 1788 1804 1805
f 1788 1805 1789
f 1789 1805 1806
f 1789 1806 1790
f 1790 1806 1807
f 1790 1807 1791
f 1791 1807 1808
f 1791 1808 1792
f 1792 1808 1793
f 1792 1793 1777
f 1793 1809 1810
f 1793 1810 1794
f 1794 1810 1811
f 1794 1811 1795
f 1795 1811 1812
f 1795 1812 1796
f 1796 1812 1813
f 1796 1813 1797
f 1797 1813 1814
f 1797 1814 1798
f 1798 1814 1815
f 1798 1815 1799
f 1799 1815 1816
f 1799 1816 1800
f 1800 1816 1817
f 1800 1817 1801
f 1801 1817 1818
f 1801 1818 1802
f 1802 1818 1819
f 1802 1819 1803
f 1803 1819 1820
f 1803 1820 1804
f 1804 1820 1821
f 1804 1821 1805
f 1805 1821 1822
f 1805 1822 1806
f 1806 1822 1823
f 1806 1823 1807
f 1807 1823 1824
f 1807 1824 1808
f 1808 1824 1809
f 1808 1809 1793
f 1809 1825 1826
f 1809 1826 1810
f 1810 1826 1827
f 1810 1827 1811
f 1811 1827 1828
f 1811 1828 1812
f 1812 1828 1829
f 1812 1829 1813
f 1813 1829 1830
f 1813 1830 1814
f 1814 1830 1831
f 1814 1831 1815
f 1815 1831 1832
f 1815 1832 1816
f 1816 1832 1833
f 1816 1833 1817
f 1817 1833 1834
f 1817 1834 1818
f 1818 1834 1835
f 1818 1835 1819
f 1819 1835 1836
f 1819 1836 1820
f 1820 1836 1837
f 1820 1837 1821
f 1821 1837 1838
f 1821 1838 1822
f 1822 1838 1839
f 1822 1839 1823
f 1823 1839 1840
f 1823 1840 1824
f 1824 1840 1825
f 1824 1825 1809
f 1825 1841 1842
f 1825 1842 1826
f 1826 1842 1843
f 1826 1843 1827
f 1827 1843 1844
f 1827 1844 1828
f 1828 1844 1845
f 1828 1845 1829
f 1829 1845 1846
f 1829 1846 1830
f 1830 1846 1847
f 1830 1847 1831
f 1831 1847 1848
f 1831 1848 1832
f 1832 1848 1849
f 1832 1849 1833
f 1833 1849 1850
f 1833 1850 1834
f 1834 1850 1851
f 1834 1851 1835
f 1835 1851 1852
f 1835 1852 1836
f 1836 1852 1853
f 1836 1853 1837
f 1837 1853 1854
f 1837 1854 1838
f 1838 1854 1855
f 1838 1855 1839
f 1839 1855 1856
f 1839 1856 1840
f 1840 1856 1841
f 1840 1841 1825
f 1841 1857 1858
f 1841 1858 1842
f 1842 1858 1859
f 1842 1859 1843
f 1843 1859 1860
f 1843 1860 1844
f 1844 1860 1861
f 1844 1861 1845
f 1845 1861 1862
f 1845 1862 1846
f 1846 1862 1863
f 1846 1863 1847
f 1847 1863 1864
f 1847 1864 1848
f 1848 1864 1865
f 1848 1865 1849
f 1849 1865 1866
f 1849 1866 1850
f 1850 1866 1867
f 1850 1867 1851
f 1851 1867 1868
f 1851 1868 1852
f 1852 1868 1869
f 1852 1869 1853
f 1853 1869 1870
f 1853 1870 1854
f 1854 1870 1871
f 1854 1871 1855
f 1855 1871 1872
f 1855 1872 1856
f 1856 1872 1857
f 1856 1857 1841
f 1857 1873 1874
f 1857 1874 1858
f 1858 1874 1875
f 1858 1875 1859
f 1859 1875 1876
f 1859 1876 1860
f 1860 1876 1877
f 1860 1877 1861
f 1861 1877 1878
f 1861 1878 1862
f 1862 1878 1879
f 1862 1879 1863
f 1863 1879 1880
f 1863 1880 1864
f 1864 1880 1881
f 1864 1881 1865
f 1865 1881 1882
f 1865 1882 1866
f 1866 1882 1883
f 1866 1883 1867
f 1867 1883 1884
f 1867 1884 1868
f 1868 1884 1885
f 1868 1885 1869
f 1869 1885 1886
f 1869 1886 1870
f 1870 1886 1887
f 1870 1887 1871
f 1871 1887 1888
f 1871 1888 1872
f 1872 1888 1873
f 1872 1873 1857
f 1873 1889 1890
f 1873 1890 1874
f 1874 1890 1891
f 1874 1891 1875
f 1875 1891 1892
f 1875 1892 1876
f 1876 1892 1893
f 1876 1893 1877
f 1877 1893 1894
f 1877 1894 1878
f 1878 1894 1895
f 1878 1895 1879
f 1879 1895 1896
f 1879 1896 1880
f 1880 1896 1897
f 1880 1897 1881
f 1881 1897 1898
f 1881 1898 1882
f 1882 1898 1899
f 1882 1899 1883
f 1883 1899 1900
f 1883 1900 1884
f 1884 1900 1901
f 1884 1901 1885
f 1885 1901 1902
f 1885 1902 1886
f 1886 1902 1903
f 1886 1903 1887
f 1887 1903 1904
f 1887 1904 1888
f 1888 1904 1889
f 1888 1889 1873
f 1889 1905 1906
f 1889 1906 1890
f 1890 1906 1907
f 1890 1907 1891
f 1891 1907 1908
f 1891 1908 1892
f 1892 1908 1909
f 1892 1909 1893
f 1893 1909 1910
f 1893 1910 1894
f 1894 1910 1911
f 1894 1911 1895
f 1895 1911 1912
f 1895 1912 1896
f 1896 1912 1913
f 1896 1913 1897
f 1897 1913 1914
f 1897 1914 1898
f 1898 1914 1915
f 1898 1915 1899
f 1899 1915 1916
f 1899 1916 1900
f 1900 1916 1917
f 1900 1917 1901
f 1901 1917 1918
f 1901 1918 1902
f 1902 1918 1919
f 1902 1919 1903
f 1903 1919 1920
f 1903 1920 1904
f 1904 1920 1905
f 1904 1905 1889
f 1905 1921 1922
f 1905 1922 1906
f 1906 1922 1923
f 1906 1923 1907
f 1907 1923 1924
f 1907 1924 1908
f 1908 1924 1925
f 1908 1925 1909
f 1909 1925 1926
f 1909 1926 1910
f 1910 1926 1927
f 1910 1927 1911
f 1911 1927 1928
f 1911 1928 1912
f 1912 1928 1929
f 1912 1929 1913
f 1913 1929 1930
f 1913 1930 1914
f 1914 1930 1931
f 1914 1931 1915
f 1915 1931 1932
f 1915 1932 1916
f 1916 1932 1933
f 1916 1933 1917
f 1917 1933 1934
f 1917 1934 1918
f 1918 1934 1935
f 1918 1935 1919
f 1919 1935 1936
f 1919 1936 1920
f 1920 1936 1921
f 1920 1921 1905
f 1921 1937 1938
f 1921 1938 1922
f 1922 1938 1939
f 1922 1939 1923
f 1923 1939 1940
f 1923 1940 1924
f 1924 1940 1941
f 1924 1941 1925
f 1925 1941 1942
f 1925 1942 1926
f 1926 1942 1943
f 1926 1943 1927
f 1927 1943 1944
f 1927 1944 1928
f 1928 1944 1945
f 1928 1945 1929
f 1929 1945 1946
f 1929 1946 1930
f 1930 1946 1947
f 1930 1947 1931
f 1931 1947 1948
f 1931 1948 1932
f 1932 1948 1949
f 1932 1949 1933
f 1933 1949 1950
f 1933 1950 1934
f 1934 1950 1951
f 1934 1951 1935
f 1935 1951 1952
f 1935 1952 1936
f 1936 1952 1937
f 1936 1937 1921
f 1937 1953 1954
f 1937 1954 1938
f 1938 1954 1955
f 1938 1955 1939
f 1939 1955 1956
f 1939 1956 1940
f 1940 1956 1957
f 1940 1957 1941
f 1941 1957 1958
f 1941 1958 1942
f 1942 1958 1959
f 1942 1959 1943
f 1943 1959 1960
f 1943 1960 1944
f 1944 1960 1961
f 1944 1961 1945
f 1945 1961 1962
f 1945 1962 1946
f 1946 1962 1963
f 1946 1963 1947
f 1947 1963 1964
f 1947 1964 1948
f 1948 1964 1965
f 1948 1965 1949
f 1949 1965 1966
f 1949 1966 1950
f 1950 1966 1967
f 1950 1967 1951
f 1951 1967 1968
f 1951 1968 1952
f 1952 1968 1953
f 1952 1953 1937
f 1953 1969 1970
f 1953 1970 1954
f 1954 1970 1971
f 1954 1971 1955
f 1955 1971 1972
f 1955 1972 1956
f 1956 1972 1973
f 1956 1973 1957
f 1957 1973 1974
f 1957 1974 1958
f 1958 1974 1975
f 1958 1975 1959
f 1959 1975 1976
f 1959 1976 1960
f 1960 1976 1977
f 1960 1977 1961
f 1961 1977 1978
f 1961 1978 1962
f 1962 1978 1979
f 1962 1979 1963
f 1963 1979 1980
f 1963 1980 1964
f 1964 1980 1981
f 1964 1981 1965
f 1965 1981 1982
f 1965 1982 1966
f 1966 1982 1983
f 1966 1983 1967
f 1967 1983 1984
f 1967 1984 1968
f 1968 1984 1969
f 1968 1969 1953
f 1969 1985 1986
f 1969 1986 1970
f 1970 1986 1987
f 1970 1987 1971
f 1971 1987 1988
f 1971 1988 1972
f 1972 1988 1989
f 1972 1989 1973
f 1973 1989 1990
f 1973 1990 1974
f 1974 1990 1991
f 1974 1991 1975
f 1975 1991 1992
f 1975 1992 1976
f 1976 1992 1993
f 1976 1993 1977
f 1977 1993 1994
f 1977 1994 1978
f 1978 1994 1995
f 1978 1995 1979
f 1979 1995 1996
f 1979 1996 1980
f 1980 1996 1997
f 1980 1997 1981
f 1981 1997 1998
f 1981 1998 1982
f 1982 1998 1999
f 1982 1999 1983
f 1983 1999 2000
f 1983 2000 1984
f 1984 2000 1985
f 1984 1985 1969
f 1985 2001 2002
f 1985 2002 1986
f 1986 2002 2003
f 1986 2003 1987
f 1987 2003 2004
f 1987 2004 1988
f 1988 2004 2005
f 1988 2005 1989
f 1989 2005 2006
f 1989 2006 1990
f 1990 2006 2007
f 1990 2007 1991
f 1991 2007 2008
f 1991 2008 1992
f 1992 2008 2009
f 1992 2009 1993
f 1993 2009 2010
f 1993 2010 1994
f 1994 2010 2011
f 1994 2011 1995
f 1995 2011 2012
f 1995 2012 1996
f 1996 2012 2013
f 1996 2013 1997
f 1997 2013 2014
f 1997 2014 1998
f 1998 2014 2015
f 1998 2015 1999
f 1999 2015 2016
f 1999 2016 2000
f 2000 2016 2001
f 2000 2001 1985
f 2001 2017 2018
f 2001 2018 2002
f 2002 2018 2019
f 2002 2019 2003
f 2003 2019 2020
f 2003 2020 2004
f 2004 2020 2021
f 2004 2021 2005
f 2005 2021 2022
f 2005 2022 2006
f 2006 2022 2023
f 2006 2023 2007
f 2007 2023 2024
f 2007 2024 2008
f 2008 2024 2025
f 2008 2025 2009
f 2009 2025 2026
f 2009 2026 2010
f 2010 2026 2027
f 2010 2027 2011
f 2011 2027 2028
f 2011 2028 2012
f 2012 2028 2029
f 2012 2029 2013
f 2013 2029 2030
f 2013 2030 2014
f 2014 2030 2031
f 2014 2031 2015
f 2015 2031 2032
f 2015 2032 2016
f 2016 2032 2017
f 2016 2017 2001
f 2017 2033 2034
f 2017 2034 2018
f 2018 2034 2035
f 2018 2035 2019
f 2019 2035 2036
f 2019 2036 2020
f 2020 2036 2037
f 2020 2037 2021
f 2021 2037 2038
f 2021 2038 2022
f 2022 2038 2039
f 2022 2039 2023
f 2023 2039 2040
f 2023 2040 2024
f 2024 2040 2041
f 2024 2041 2025
f 2025 2041 2042
f 2025 2042 2026
f 2026 2042 2043
f 2026 2043 2027
f 2027 2043 2044
f 2027 2044 2028
f 2028 2044 2045
f 2028 2045 2029
f 2029 2045 2046
f 2029 2046 2030
f 2030 2046 2047
f 2030 2047 2031
f 2031 2047 2048
f 2031 2048 2032
f 2032 2048 2033
f 2032 2033 2017
f 2033 2049 2050
f 2033 2050 2034
f 2034 2050 2051
f 2034 2051 2035
f 2035 2051 2052
f 2035 2052 2036
f 2036 2052 2053
f 2036 2053 2037
f 2037 2053 2054
f 2037 2054 2038
f 2038 2054 2055
f 2038 2055 2039
f 2039 2055 2056
f 2039 2056 2040
f 2040 2056 2057
f 2040 2057 2041
f 2041 2057 2058
f 2041 2058 2042
f 2042 2058 2059
f 2042 2059 2043
f 2043 2059 2060
f 2043 2060 2044
f 2044 2060 2061
f 2044 2061 2045
f 2045 2061 2062
f 2045 2062 2046
f 2046 2062 2063
f 2046 2063 2047
f 2047 2063 2064
f 2047 2064 2048
f 2048 2064 2049
f 2048 2049 2033
f 2049 2065 2066
f 2049 2066 2050
f 2050 2066 2067
f 2050 2067 2051
f 2051 2067 2068
f 2051 2068 2052
f 2052 2068 2069
f 2052 2069 2053
f 2053 2069 2070
f 2053 2070 2054
f 2054 2070 2071
f 2054 2071 2055
f 2055 2071 2072
f 2055 2072 2056
f 2056 2072 2073
f 2056 2073 2057
f 2057 2073 2074
f 2057 2074 2058
f 2058 2074 2075
f 2058 2075 2059
f 2059 2075 2076
f 2059 2076 2060
f 2060 2076 2077
f 2060 2077 2061
f 2061 2077 2078
f 2061 2078 2062
f 2062 2078 2079
f 2062 2079 2063
f 2063 2079 2080
f 2063 2080 2064
f 2064 2080 2065
f 2064 2065 2049
f 2065 2081 2082
f 2065 2082 2066
f 2066 2082 2083
f 2066 2083 2067
f 2067 2083 2084
f 2067 2084 2068
f 2068 2084 2085
f 2068 2085 2069
f 2069 2085 2086
f 2069 2086 2070
f 2070 2086 2087
f 2070 2087 2071
f 2071 2087 2088
f 2071 2088 2072
f 2072 2088 2089
f 2072 2089 2073
f 2073 2089 2090
f 2073 2090 2074
f 2074 2090 2091
f 2074 2091 2075
f 2075 2091 2092
f 2075 2092 2076
f 2076 2092 2093
f 2076 2093 2077
f 2077 2093 2094
f 2077 2094 2078
f 2078 2094 2095
f 2078 2095 2079
f 2079 2095 2096
f 2079 2096 2080
f 2080 2096 2081
f 2080 2081 2065
f 2081 2097 2098
f 2081 2098 2082
f 2082 2098 2099
f 2082 2099 2083
f 2083 2099 2100
f 2083 2100 2084
f 2084 2100 2101
f 2084 2101 2085
f 2085 2101 2102
f 2085 2102 2086
f 2086 2102 2103
f 2086 2103 2087
f 2087 2103 2104
f 2087 2104 2088
f 2088 2104 2105
f 2088 2105 2089
f 2089 2105 2106
f 2089 2106 2090
f 2090 2106 2107
f 2090 2107 2091
f 2091 2107 2108
f 2091 2108 2092
f 2092 2108 2109
f 2092 2109 2093
f 2093 2109 2110
f 2093 2110 2094
f 2094 2110 2111
f 2094 2111 2095
f 2095 2111 2112
f 2095 2112 2096
f 2096 2112 2097
f 2096 2097 2081
f 2097 2113 2114
f 2097 2114 2098
f 2098 2114 2115
f 2098 2115 2099
f 2099 2115 2116
f 2099 2116 2100
f 2100 2116 2117
f 2100 2117 2101
f 2101 2117 2118
f 2101 2118 2102
f 2102 2118 2119
f 2102 2119 2103
f 2103 2119 2120
f 2103 2120 2104
f 2104 2120 2121
f 2104 2121 2105
f 2105 2121 2122
f 2105 2122 2106
f 2106 2122 2123
f 2106 2123 2107
f 2107 2123 2124
f 2107 2124 2108
f 2108 2124 2125
f 2108 2125 2109
f 2109 2125 2126
f 2109 2126 2110
f 2110 2126 2127
f 2110 2127 2111
f 2111 2127 2128
f 2111 2128 2112
f 2112 2128 2113
f 2112 2113 2097
f 2113 2129 2130
f 2113 2130 2114
f 2114 2130 2131
f 2114 2131 2115
f 2115 2131 2132
f 2115 2132 2116
f 2116 2132 2133
f 2116 2133 2117
f 2117 2133 2134
f 2117 2134 2118
f 2118 2134 2135
f 2118 2135 2119
f 2119 2135 2136
f 2119 2136 2120
f 2120 2136 2137
f 2120 2137 2121
f 2121 2137 2138
f 2121 2138 2122
f 2122 2138 2139
f 2122 2139 2123
f 2123 2139 2140
f 2123 2140 2124
f 2124 2140 2141
f 2124 2141 2125
f 2125 2141 2142
f 2125 2142 2126
f 2126 2142 2143
f 2126 2143 2127
f 2127 2143 2144
f 2127 2144 2128
f 2128 2144 2129
f 2128 2129 2113
f 2129 2145 2146
f 2129 2146 2130
f 2130 2146 2147
f 2130 2147 2131
f 2131 2147 2148
f 2131 2148 2132
f 2132 2148 2149
f 2132 2149 2133
f 2133 2149 2150
f 2133 2150 2134
f 2134 2150 2151
f 2134 2151 2135
f 2135 2151 2152
f 2135 2152 2136
f 2136 2152 2153
f 2136 2153 2137
f 2137 2153 2154
f 2137 2154 2138
f 2138 2154 2155
f 2138 2155 2139
f 2139 2155 2156
f 2139 2156 2140
f 2140 2156 2157
f 2140 2157 2141
f 2141 2157 2158
f 2141 2158 2142
f 2142 2158 2159
f 2142 2159 2143
f 2143 2159 2160
f 2143 2160 2144
f 2144 2160 2145
f 2144 2145 2129
f 2145 2161 2162
f 2145 2162 2146
f 2146 2162 2163
f 2146 2163 2147
f 2147 2163 2164
f 2147 2164 2148
f 2148 2164 2165
f 2148 2165 2149
f 2149 2165 2166
f 2149 2166 2150
f 2150 2166 2167
f 2150 2167 2151
f 2151 2167 2168
f 2151 2168 2152
f 2152 2168 2169
f 2152 2169 2153
f 2153 2169 2170
f 2153 2170 2154
f 2154 2170 2171
f 2154 2171 2155
f 2155 2171 2172
f 2155 2172 2156
f 2156 2172 2173
f 2156 2173 2157
f 2157 2173 2174
f 2157 2174 2158
f 2158 2174 2175
f 2158 2175 2159
f 2159 2175 2176
f 2159 2176 2160
f 2160 2176 2161
f 2160 2161 2145
f 2161 2177 2178
f 2161 2178 2162
f 2162 2178 2179
f 2162 2179 2163
f 2163 2179 2180
f 2163 2180 2164
f 2164 2180 2181
f 2164 2181 2165
f 2165 2181 2182
f 2165 2182 2166
f 2166 2182 2183
f 2166 2183 2167
f 2167 2183 2184
f 2167 2184 2168
f 2168 2184 2185
f 2168 2185 2169
f 2169 2185 2186
f 2169 2186 2170
f 2170 2186 2187
f 2170 2187 2171
f 2171 2187 2188
f 2171 2188 2172
f 2172 2188 2189
f 2172 2189 2173
f 2173 2189 2190
f 2173 2190 2174
f 2174 2190 2191
f 2174 2191 2175
f 2175 2191 2192
f 2175 2192 2176
f 2176 2192 2177
f 2176 2177 2161
f 2177 2193 2194
f 2177 2194 2178
f 2178 2194 2195
f 2178 2195 2179
f 2179 2195 2196
f 2179 2196 2180
f 2180 2196 2197
f 2180 2197 2181
f 2181 2197 2198
f 2181 2198 2182
f 2182 2198 2199
f 2182 2199 2183
f 2183 2199 2200
f 2183 2200 2184
f 2184 2200 2201
f 2184 2201 2185
f 2185 2201 2202
f 2185 2202 2186
f 2186 2202 2203
f 2186 2203 2187
f 2187 2203 2204
f 2187 2204 2188
f 2188 2204 2205
f 2188 2205 2189
f 2189 2205 2206
f 2189 2206 2190
f 2190 2206 2207
f 2190 2207 2191
f 2191 2207 2208
f 2191 2208 2192
f 2192 2208 2193
f 2192 2193 2177
f 2193 2209 2210
f 2193 2210 2194
f 2194 2210 2211
f 2194 2211 2195
f 2195 2211 2212
f 2195 2212 2196
f 2196 2212 2213
f 2196 2213 2197
f 2197 2213 2214
f 2197 2214 2198
f 2198 2214 2215
f 2198 2215 2199
f 2199 2215 2216
f 2199 2216 2200
f 2200 2216 2217
f 2200 2217 2201
f 2201 2217 2218
f 2201 2218 2202
f 2202 2218 2219
f 2202 2219 2203
f 2203 2219 2220
f 2203 2220 2204
f 2204 2220 2221
f 2204 2221 2205
f 2205 2221 2222
f 2205 2222 2206
f 2206 2222 2223
f 2206 2223 2207
f 2207 2223 2224
f 2207 2224 2208
f 2208 2224 2209
f 2208 2209 2193
f 2209 2225 2226
f 2209 2226 2210
f 2210 2226 2227
f 2210 2227 2211
f 2211 2227 2228
f 2211 2228 2212
f 2212 2228 2229
f 2212 2229 2213
f 2213 2229 2230
f 2213 2230 2214
f 2214 2230 2231
f 2214 2231 2215
f 2215 2231 2232
f 2215 2232 2216
f 2216 2232 2233
f 2216 2233 2217
f 2217 2233 2234
f 2217 2234 2218
f 2218 2234 2235
f 2218 2235 2219
f 2219 2235 2236
f 2219 2236 2220
f 2220 2236 2237
f 2220 2237 2221
f 2221 2237 2238
f 2221 2238 2222
f 2222 2238 2239
f 2222 2239 2223
f 2223 2239 2240
f 2223 2240 2224
f 2224 2240 2225
f 2224 2225 2209
f 2225 2241 2242
f 2225 2242 2226
f 2226 2242 2243
f 2226 2243 2227
f 2227 2243 2244
f 2227 2244 2228
f 2228 2244 2245
f 2228 2245 2229
f 2229 2245 2246
f 2229 2246 2230
f 2230 2246 2247
f 2230 2247 2231
f 2231 2247 2248
f 2231 2248 2232
f 2232 2248 2249
f 2232 2249 2233
f 2233 2249 2250
f 2233 2250 2234
f 2234 2250 2251
f 2234 2251 2235
f 2235 2251 2252
f 2235 2252 2236
f 2236 2252 2253
f 2236 2253 2237
f 2237 2253 2254
f 2237 2254 2238
f 2238 2254 2255
f 2238 2255 2239
f 2239 2255 2256
f 2239 2256 2240
f 2240 2256 2241
f 2240 2241 2225
f 2241 2257 2258
f 2241 2258 2242
f 2242 2258 2259
f 2242 2259 2243
f 2243 2259 2260
f 2243 2260 2244
f 2244 2260 2261
f 2244 2261 2245
f 2245 2261 2262
f 2245 2262 2246
f 2246 2262 2263
f 2246 2263 2247
f 2247 2263 2264
f 2247 2264 2248
f 2248 2264 2265
f 2248 2265 2249
f 2249 2265 2266
f 2249 2266 2250
f 2250 2266 2267
f 2250 2267 2251
f 2251 2267 2268
f 2251 2268 2252
f 2252 2268 2269
f 2252 2269 2253
f 2253 2269 2270
f 2253 2270 2254
f 2254 2270 2271
f 2254 2271 2255
f 2255 2271 2272
f 2255 2272 2256
f 2256 2272 2257
f 2256 2257 2241
f 2257 2273 2274
f 2257 2274 2258
f 2258 2274 2275
f 2258 2275 2259
f 2259 2275 2276
f 2259 2276 2260
f 2260 2276 2277
f 2260 2277 2261
f 2261 2277 2278
f 2261 2278 2262
f 2262 2278 2279
f 2262 2279 2263
f 2263 2279 2280
f 2263 2280 2264
f 2264 2280 2281
f 2264 2281 2265
f 2265 2281 2282
f 2265 2282 2266
f 2266 2282 2283
f 2266 2283 2267
f 2267 2283 2284
f 2267 2284 2268
f 2268 2284 2285
f 2268 2285 2269
f 2269 2285 2286
f 2269 2286 2270
f 2270 2286 2287
f 2270 2287 2271
f 2271 2287 2288
f 2271 2288 2272
f 2272 2288 2273
f 2272 2273 2257
f 2273 2289 2290
f 2273 2290 2274
f 2274 2290 2291
f 2274 2291 2275
f 2275 2291 2292
f 2275 2292 2276
f 2276 2292 2293
f 2276 2293 2277
f 2277 2293 2294
f 2277 2294 2278
f 2278 2294 2295
f 2278 2295 2279
f 2279 2295 2296
f 2279 2296 2280
f 2280 2296 2297
f 2280 2297 2281
f 2281 2297 2298
f 2281 2298 2282
f 2282 2298 2299
f 2282 2299 2283
f 2283 2299 2300
f 2283 2300 2284
f 2284 2300 2301
f 2284 2301 2285
f 2285 2301 2302
f 2285 2302 2286
f 2286 2302 2303
f 2286 2303 2287
f 2287 2303 2304
f 2287 2304 2288
f 2288 2304 2289
f 2288 2289 2273
f 2289 2305 2306
f 2289 2306 2290
f 2290 2306 2307
f 2290 2307 2291
f 2291 2307 2308
f 2291 2308 2292
f 2292 2308 2309
f 2292 2309 2293
f 2293 2309 2310
f 2293 2310 2294
f 2294 2310 2311
f 2294 2311 2295
f 2295 2311 2312
f 2295 2312 2296
f 2296 2312 2313
f 2296 2313 2297
f 2297 2313 2314
f 2297 2314 2298
f 2298 2314 2315
f 2298 2315 2299
f 2299 2315 2316
f 2299 2316 2300
f 2300 2316 2317
f 2300 2317 2301
f 2301 2317 2318
f 2301 2318 2302
f 2302 2318 2319
f 2302 2319 2303
f 2303 2319 2320
f 2303 2320 2304
f 2304 2320 2305
f 2304 2305 2289
f 2305 2321 2322
f 2305 2322 2306
f 2306 2322 2323
f 2306 2323 2307
f 2307 2323 2324
f 2307 2324 2308
f 2308 2324 2325
f 2308 2325 2309
f 2309 2325 2326
f 2309 2326 2310
f 2310 2326 2327
f 2310 2327 2311
f 2311 2327 2328
f 2311 2328 2312
f 2312 2328 2329
f 2312 2329 2313
f 2313 2329 2330
f 2313 2330 2314
f 2314 2330 2331
f 2314 2331 2315
f 2315 2331 2332
f 2315 2332 2316
f 2316 2332 2333
f 2316 2333 2317
f 2317 2333 2334
f 2317 2334 2318
f 2318 2334 2335
f 2318 2335 2319
f 2319 2335 2336
f 2319 2336 2320
f 2320 2336 2321
f 2320 2321 2305
f 2321 2337 2338
f 2321 2338 2322
f 2322 2338 2339
f 2322 2339 2323
f 2323 2339 2340
f 2323 2340 2324
f 2324 2340 2341
f 2324 2341 2325
f 2325 2341 2342
f 2325 2342 2326
f 2326 2342 2343
f 2326 2343 2327
f 2327 2343 2344
f 2327 2344 2328
f 2328 2344 2345
f 2328 2345 2329
f 2329 2345 2346
f 2329 2346 2330
f 2330 2346 2347
f 2330 2347 2331
f 2331 2347 2348
f 2331 2348 2332
f 2332 2348 2349
f 2332 2349 2333
f 2333 2349 2350
f 2333 2350 2334
f 2334 2350 2351
f 2334 2351 2335
f 2335 2351 2352
f 2335 2352 2336
f 2336 2352 2337
f 2336 2337 2321
f 2337 2353 2354
f 2337 2354 2338
f 2338 2354 2355
f 2338 2355 2339
f 2339 2355 2356
f 2339 2356 2340
f 2340 2356 2357
f 2340 2357 2341
f 2341 2357 2358
f 2341 2358 2342
f 2342 2358 2359
f 2342 2359 2343
f 2343 2359 2360
f 2343 2360 2344
f 2344 2360 2361
f 2344 2361 2345
f 2345 2361 2362
f 2345 2362 2346
f 2346 2362 2363
f 2346 2363 2347
f 2347 2363 2364
f 2347 2364 2348
f 2348 2364 2365
f 2348 2365 2349
f 2349 2365 2366
f 2349 2366 2350
f 2350 2366 2367
f 2350 2367 2351
f 2351 2367 2368
f 2351 2368 2352
f 2352 2368 2353
f 2352 2353 2337
f 2353 2369 2370
f 2353 2370 2354
f 2354 2370 2371
f 2354 2371 2355
f 2355 2371 2372
f 2355 2372 2356
f 2356 2372 2373
f 2356 2373 2357
f 2357 2373 2374
f 2357 2374 2358
f 2358 2374 2375
f 2358 2375 2359
f 2359 2375 2376
f 2359 2376 2360
f 2360 2376 2377
f 2360 2377 2361
f 2361 2377 2378
f 2361 2378 2362
f 2362 2378 2379
f 2362 2379 2363
f 2363 2379 2380
f 2363 2380 2364
f 2364 2380 2381
f 2364 2381 2365
f 2365 2381 2382
f 2365 2382 2366
f 2366 2382 2383
f 2366 2383 2367
f 2367 2383 2384
f 2367 2384 2368
f 2368 2384 2369
f 2368 2369 2353
f 2369 2385 2386
f 2369 2386 2370
f 2370 2386 2387
f 2370 2387 2371
f 2371 2387 2388
f 2371 2388 2372
f 2372 2388 2389
f 2372 2389 2373
f 2373 2389 2390
f 2373 2390 2374
f 2374 2390 2391
f 2374 2391 2375
f 2375 2391 2392
f 2375 2392 2376
f 2376 2392 2393
f 2376 2393 2377
f 2377 2393 2394
f 2377 2394 2378
f 2378 2394 2395
f 2378 2395 2379
f 2379 2395 2396
f 2379 2396 2380
f 2380 2396 2397
f 2380 2397 2381
f 2381 2397 2398
f 2381 2398 2382
f 2382 2398 2399
f 2382 2399 2383
f 2383 2399 2400
f 2383 2400 2384
f 2384 2400 2385
f 2384 2385 2369
f 2385 2401 2402
f 2385 2402 2386
f 2386 2402 2403
f 2386 2403 2387
f 2387 2403 2404
f 2387 2404 2388
f 2388 2404 2405
f 2388 2405 2389
f 2389 2405 2406
f 2389 2406 2390
f 2390 2406 2407
f 2390 2407 2391
f 2391 2407 2408
f 2391 2408 2392
f 2392 2408 2409
f 2392 2409 2393
f 2393 2409 2410
f 2393 2410 2394
f 2394 2410 2411
f 2394 2411 2395
f 2395 2411 2412
f 2395 2412 2396
f 2396 2412 2413
f 2396 2413 2397
f 2397 2413 2414
f 2397 2414 2398
f 2398 2414 2415
f 2398 2415 2399
f 2399 2415 2416
f 2399 2416 2400
f 2400 2416 2401
f 2400 2401 2385
f 2401 2417 2418
f 2401 2418 2402
f 2402 2418 2419
f 2402 2419 2403
f 2403 2419 2420
f 2403 2420 2404
f 2404 2420 2421
f 2404 2421 2405
f 2405 2421 2422
f 2405 2422 2406
f 2406 2422 2423
f 2406 2423 2407
f 2407 2423 2424
f 2407 2424 2408
f 2408 2424 2425
f 2408 2425 2409
f 2409 2425 2426
f 2409 2426 2410
f 2410 2426 2427
f 2410 2427 2411
f 2411 2427 2428
f 2411 2428 2412
f 2412 2428 2429
f 2412 2429 2413
f 2413 2429 2430
f 2413 2430 2414
f 2414 2430 2431
f 2414 2431 2415
f 2415 2431 2432
f 2415 2432 2416
f 2416 2432 2417
f 2416 2417 2401
f 2417 2433 2434
f 2417 2434 2418
f 2418 2434 2435
f 2418 2435 2419
f 2419 2435 2436
f 2419 2436 2420
f 2420 2436 2437
f 2420 2437 2421
f 2421 2437 2438
f 2421 2438 2422
f 2422 2438 2439
f 2422 2439 2423
f 2423 2439 2440
f 2423 2440 2424
f 2424 2440 2441
f 2424 2441 2425
f 2425 2441 2442
f 2425 2442 2426
f 2426 2442 2443
f 2426 2443 2427
f 2427 2443 2444
f 2427 2444 2428
f 2428 2444 2445
f 2428 2445 2429
f 2429 2445 2446
f 2429 2446 2430
f 2430 2446 2447
f 2430 2447 2431
f 2431 2447 2448
f 2431 2448 2432
f 2432 2448 2433
f 2432 2433 2417
f 2433 2449 2450
f 2433 2450 2434
f 2434 2450 2451
f 2434 2451 2435
f 2435 2451 2452
f 2435 2452 2436
f 2436 2452 2453
f 2436 2453 2437
f 2437 2453 2454
f 2437 2454 2438
f 2438 2454 2455
f 2438 2455 2439
f 2439 2455 2456
f 2439 2456 2440
f 2440 2456 2457
f 2440 2457 2441
f 2441 2457 2458
f 2441 2458 2442
f 2442 2458 2459
f 2442 2459 2443
f 2443 2459 2460
f 2443 2460 2444
f 2444 2460 2461
f 2444 2461 2445
f 2445 2461 2462
f 2445 2462 2446
f 2446 2462 2463
f 2446 2463 2447
f 2447 2463 2464
f 2447 2464 2448
f 2448 2464 2449
f 2448 2449 2433
f 2449 2465 2466
f 2449 2466 2450
f 2450 2466 2467
f 2450 2467 2451
f 2451 2467 2468
f 2451 2468 2452
f 2452 2468 2469
f 2452 2469 2453
f 2453 2469 2470
f 2453 2470 2454
f 2454 2470 2471
f 2454 2471 2455
f 2455 2471 2472
f 2455 2472 2456
f 2456 2472 2473
f 2456 2473 2457
f 2457 2473 2474
f 2457 2474 2458
f 2458 2474 2475
f 2458 2475 2459
f 2459 2475 2476
f 2459 2476 2460
f 2460 2476 2477
f 2460 2477 2461
f 2461 2477 2478
f 2461 2478 2462
f 2462 2478 2479
f 2462 2479 2463
f 2463 2479 2480
f 2463 2480 2464
f 2464 2480 2465
f 2464 2465 2449
f 2465 2481 2482
f 2465 2482 2466
f 2466 2482 2483
f 2466 2483 2467
f 2467 2483 2484
f 2467 2484 2468
f 2468 2484 2485
f 2468 2485 2469
f 2469 2485 2486
f 2469 2486 2470
f 2470 2486 2487
f 2470 2487 2471
f 2471 2487 2488
f 2471 2488 2472
f 2472 2488 2489
f 2472 2489 2473
f 2473 2489 2490
f 2473 2490 2474
f 2474 2490 2491
f 2474 2491 2475
f 2475 2491 2492
f 2475 2492 2476
f 2476 2492 2493
f 2476 2493 2477
f 2477 2493 2494
f 2477 2494 2478
f 2478 2494 2495
f 2478 2495 2479
f 2479 2495 2496
f 2479 2496 2480
f 2480 2496 2481
f 2480 2481 2465
f 2481 2497 2498
f 2481 2498 2482
f 2482 2498 2499
f 2482 2499 2483
f 2483 2499 2500
f 2483 2500 2484
f 2484 2500 2501
f 2484 2501 2485
f 2485 2501 2502
f 2485 2502 2486
f 2486 2502 2503
f 2486 2503 2487
f 2487 2503 2504
f 2487 2504 2488
f 2488 2504 2505
f 2488 2505 2489
f 2489 2505 2506
f 2489 2506 2490
f 2490 2506 2507
f 2490 2507 2491
f 2491 2507 2508
f 2491 2508 2492
f 2492 2508 2509
f 2492 2509 2493
f 2493 2509 2510
f 2493 2510 2494
f 2494 2510 2511
f 2494 2511 2495
f 2495 2511 2512
f 2495 2512 2496
f 2496 2512 2497
f 2496 2497 2481
f 2497 2513 2514
f 2497 2514 2498
f 2498 2514 2515
f 2498 2515 2499
f 2499 2515 2516
f 2499 2516 2500
f 2500 2516 2517
f 2500 2517 2501
f 2501 2517 2518
f 2501 2518 2502
f 2502 2518 2519
f 2502 2519 2503
f 2503 2519 2520
f 2503 2520 2504
f 2504 2520 2521
f 2504 2521 2505
f 2505 2521 2522
f 2505 2522 2506
f 2506 2522 2523
f 2506 2523 2507
f 2507 2523 2524
f 2507 2524 2508
f 2508 2524 2525
f 2508 2525 2509
f 2509 2525 2526
f 2509 2526 2510
f 2510 2526 2527
f 2510 2527 2511
f 2511 2527 2528
f 2511 2528 2512
f 2512 2528 2513
f 2512 2513 2497
f 2513 2529 2530
f 2513 2530 2514
f 2514 2530 2531
f 2514 2531 2515
f 2515 2531 2532
f 2515 2532 2516
f 2516 2532 2533
f 2516 2533 2517
f 2517 2533 2534
f 2517 2534 2518
f 2518 2534 2535
f 2518 2535 2519
f 2519 2535 2536
f 2519 2536 2520
f 2520 2536 2537
f 2520 2537 2521
f 2521 2537 2538
f 2521 2538 2522
f 2522 2538 2539
f 2522 2539 2523
f 2523 2539 2540
f 2523 2540 2524
f 2524 2540 2541
f 2524 2541 2525
f 2525 2541 2542
f 2525 2542 2526
f 2526 2542 2543
f 2526 2543 2527
f 2527 2543 2544
f 2527 2544 2528
f 2528 2544 2529
f 2528 2529 2513
f 2529 2545 2546
f 2529 2546 2530
f 2530 2546 2547
f 2530 2547 2531
f 2531 2547 2548
f 2531 2548 2532
f 2532 2548 2549
f 2532 2549 2533
f 2533 2549 2550
f 2533 2550 2534
f 2534 2550 2551
f 2534 2551 2535
f 2535 2551 2552
f 2535 2552 2536
f 2536 2552 2553
f 2536 2553 2537
f 2537 2553 2554
f 2537 2554 2538
f 2538 2554 2555
f 2538 2555 2539
f 2539 2555 2556
f 2539 2556 2540
f 2540 2556 2557
f 2540 2557 2541
f 2541 2557 2558
f 2541 2558 2542
f 2542 2558 2559
f 2542 2559 2543
f 2543 2559 2560
f 2543 2560 2544
f 2544 2560 2545
f 2544 2545 2529
f 2545 2561 2562
f 2545 2562 2546
f 2546 2562 2563
f 2546 2563 2547
f 2547 2563 2564
f 2547 2564 2548
f 2548 2564 2565
f 2548 2565 2549
f 2549 2565 2566
f 2549 2566 2550
f 2550 2566 2567
f 2550 2567 2551
f 2551 2567 2568
f 2551 2568 2552
f 2552 2568 2569
f 2552 2569 2553
f 2553 2569 2570
f 2553 2570 2554
f 2554 2570 2571
f 2554 2571 2555
f 2555 2571 2572
f 2555 2572 2556
f 2556 2572 2573
f 2556 2573 2557
f 2557 2573 2574
f 2557 2574 2558
f 2558 2574 2575
f 2558 2575 2559
f 2559 2575 2576
f 2559 2576 2560
f 2560 2576 2561
f 2560 2561 2545
f 2561 2577 2578
f 2561 2578 2562
f 2562 2578 2579
f 2562 2579 2563
f 2563 2579 2580
f 2563 2580 2564
f 2564 2580 2581
f 2564 2581 2565
f 2565 2581 2582
f 2565 2582 2566
f 2566 2582 2583
f 2566 2583 2567
f 2567 2583 2584
f 2567 2584 2568
f 2568 2584 2585
f 2568 2585 2569
f 2569 2585 2586
f 2569 2586 2570
f 2570 2586 2587
f 2570 2587 2571
f 2571 2587 2588
f 2571 2588 2572
f 2572 2588 2589
f 2572 2589 2573
f 2573 2589 2590
f 2573 2590 2574
f 2574 2590 2591
f 2574 2591 2575
f 2575 2591 2592
f 2575 2592 2576
f 2576 2592 2577
f 2576 2577 2561
f 2577 2593 2594
f 2577 2594 2578
f 2578 2594 2595
f 2578 2595 2579
f 2579 2595 2596
f 2579 2596 2580
f 2580 2596 2597
f 2580 2597 2581
f 2581 2597 2598
f 2581 2598 2582
f 2582 2598 2599
f 2582 2599 2583
f 2583 2599 2600
f 2583 2600 2584
f 2584 2600 2601
f 2584 2601 2585
f 2585 2601 2602
f 2585 2602 2586
f 2586 2602 2603
f 2586 2603 2587
f 2587 2603 2604
f 2587 2604 2588
f 2588 2604 2605
f 2588 2605 2589
f 2589 2605 2606
f 2589 2606 2590
f 2590 2606 2607
f 2590 2607 2591
f 2591 2607 2608
f 2591 2608 2592
f 2592 2608 2593
f 2592 2593 2577
f 2593 2609 2610
f 2593 2610 2594
f 2594 2610 2611
f 2594 2611 2595
f 2595 2611 2612
f 2595 2612 2596
f 2596 2612 2613
f 2596 2613 2597
f 2597 2613 2614
f 2597 2614 2598
f 2598 2614 2615
f 2598 2615 2599
f 2599 2615 2616
f 2599 2616 2600
f 2600 2616 2617
f 2600 2617 2601
f 2601 2617 2618
f 2601 2618 2602
f 2602 2618 2619
f 2602 2619 2603
f 2603 2619 2620
f 2603 2620 2604
f 2604 2620 2621
f 2604 2621 2605
f 2605 2621 2622
f 2605 2622 2606
f 2606 2622 2623
f 2606 2623 2607
f 2607 2623 2624
f 2607 2624 2608
f 2608 2624 2609
f 2608 2609 2593
f 2609 2625 2626
f 2609 2626 2610
f 2610 2626 2627
f 2610 2627 2611
f 2611 2627 2628
f 2611 2628 2612
f 2612 2628 2629
f 2612 2629 2613
f 2613 2629 2630
f 2613 2630 2614
f 2614 2630 2631
f 2614 2631 2615
f 2615 2631 2632
f 2615 2632 2616
f 2616 2632 2633
f 2616 2633 2617
f 2617 2633 2634
f 2617 2634 2618
f 2618 2634 2635
f 2618 2635 2619
f 2619 2635 2636
f 2619 2636 2620
f 2620 2636 2637
f 2620 2637 2621
f 2621 2637 2638
f 2621 2638 2622
f 2622 2638 2639
f 2622 2639 2623
f 2623 2639 2640
f 2623 2640 2624
f 2624 2640 2625
f 2624 2625 2609
f 2625 2641 2642
f 2625 2642 2626
f 2626 2642 2643
f 2626 2643 2627
f 2627 2643 2644
f 2627 2644 2628
f 2628 2644 2645
f 2628 2645 2629
f 2629 2645 2646
f 2629 2646 2630
f 2630 2646 2647
f 2630 2647 2631
f 2631 2647 2648
f 2631 2648 2632
f 2632 2648 2649
f 2632 2649 2633
f 2633 2649 2650
f 2633 2650 2634
f 2634 2650 2651
f 2634 2651 2635
f 2635 2651 2652
f 2635 2652 2636
f 2636 2652 2653
f 2636 2653 2637
f 2637 2653 2654
f 2637 2654 2638
f 2638 2654 2655
f 2638 2655 2639
f 2639 2655 2656
f 2639 2656 2640
f 2640 2656 2641
f 2640 2641 2625
f 2641 2657 2658
f 2641 2658 2642
f 2642 2658 2659
f 2642 2659 2643
f 2643 2659 2660
f 2643 2660 2644
f 2644 2660 2661
f 2644 2661 2645
f 2645 2661 2662
f 2645 2662 2646
f 2646 2662 2663
f 2646 2663 2647
f 2647 2663 2664
f 2647 2664 2648
f 2648 2664 2665
f 2648 2665 2649
f 2649 2665 2666
f 2649 2666 2650
f 2650 2666 2667
f 2650 2667 2651
f 2651 2667 2668
f 2651 2668 2652
f 2652 2668 2669
f 2652 2669 2653
f 2653 2669 2670
f 2653 2670 2654
f 2654 2670 2671
f 2654 2671 2655
f 2655 2671 2672
f 2655 2672 2656
f 2656 2672 2657
f 2656 2657 2641
f 2657 2673 2674
f 2657 2674 2658
f 2658 2674 2675
f 2658 2675 2659
f 2659 2675 2676
f 2659 2676 2660
f 2660 2676 2677
f 2660 2677 2661
f 2661 2677 2678
f 2661 2678 2662
f 2662 2678 2679
f 2662 2679 2663
f 2663 2679 2680
f 2663 2680 2664
f 2664 2680 2681
f 2664 2681 2665
f 2665 2681 2682
f 2665 2682 2666
f 2666 2682 2683
f 2666 2683 2667
f 2667 2683 2684
f 2667 2684 2668
f 2668 2684 2685
f 2668 2685 2669
f 2669 2685 2686
f 2669 2686 2670
f 2670 2686 2687
f 2670 2687 2671
f 2671 2687 2688
f 2671 2688 2672
f 2672 2688 2673
f 2672 2673 2657
f 2673 2689 2690
f 2673 2690 2674
f 2674 2690 2691
f 2674 2691 2675
f 2675 2691 2692
f 2675 2692 2676
f 2676 2692 2693
f 2676 2693 2677
f 2677 2693 2694
f 2677 2694 2678
f 2678 2694 2695
f 2678 2695 2679
f 2679 2695 2696
f 2679 2696 2680
f 2680 2696 2697
f 2680 2697 2681
f 2681 2697 2698
f 2681 2698 2682
f 2682 2698 2699
f 2682 2699 2683
f 2683 2699 2700
f 2683 2700 2684
f 2684 2700 2701
f 2684 2701 2685
f 2685 2701 2702
f 2685 2702 2686
f 2686 2702 2703
f 2686 2703 2687
f 2687 2703 2704
f 2687 2704 2688
f 2688 2704 2689
f 2688 2689 2673
f 2689 2705 2706
f 2689 2706 2690
f 2690 2706 2707
f 2690 2707 2691
f 2691 2707 2708
f 2691 2708 2692
f 2692 2708 2709
f 2692 2709 2693
f 2693 2709 2710
f 2693 2710 2694
f 2694 2710 2711
f 2694 2711 2695
f 2695 2711 2712
f 2695 2712 2696
f 2696 2712 2713
f 2696 2713 2697
f 2697 2713 2714
f 2697 2714 2698
f 2698 2714 2715
f 2698 2715 2699
f 2699 2715 2716
f 2699 2716 2700
f 2700 2716 2717
f 2700 2717 2701
f 2701 2717 2718
f 2701 2718 2702
f 2702 2718 2719
f 2702 2719 2703
f 2703 2719 2720
f 2703 2720 2704
f 2704 2720 2705
f 2704 2705 2689
f 2705 2721 2722
f 2705 2722 2706
f 2706 2722 2723
f 2706 2723 2707
f 2707 2723 2724
f 2707 2724 2708
f 2708 2724 2725
f 2708 2725 2709
f 2709 2725 2726
f 2709 2726 2710
f 2710 2726 2727
f 2710 2727 2711
f 2711 2727 2728
f 2711 2728 2712
f 2712 2728 2729
f 2712 2729 2713
f 2713 2729 2730
f 2713 2730 2714
f 2714 2730 2731
f 2714 2731 2715
f 2715 2731 2732
f 2715 2732 2716
f 2716 2732 2733
f 2716 2733 2717
f 2717 2733 2734
f 2717 2734 2718
f 2718 2734 2735
f 2718 2735 2719
f 2719 2735 2736
f 2719 2736 2720
f 2720 2736 2721
f 2720 2721 2705
f 2721 2737 2738
f 2721 2738 2722
f 2722 2738 2739
f 2722 2739 2723
f 2723 2739 2740
f 2723 2740 2724
f 2724 2740 2741
f 2724 2741 2725
f 2725 2741 2742
f 2725 2742 2726
f 2726 2742 2743
f 2726 2743 2727
f 2727 2743 2744
f 2727 2744 2728
f 2728 2744 2745
f 2728 2745 2729
f 2729 2745 2746
f 2729 2746 2730
f 2730 2746 2747
f 2730 2747 2731
f 2731 2747 2748
f 2731 2748 2732
f 2732 2748 2749
f 2732 2749 2733
f 2733 2749 2750
f 2733 2750 2734
f 2734 2750 2751
f 2734 2751 2735
f 2735 2751 2752
f 2735 2752 2736
f 2736 2752 2737
f 2736 2737 2721
f 2737 2753 2754
f 2737 2754 2738
f 2738 2754 2755
f 2738 2755 2739
f 2739 2755 2756
f 2739 2756 2740
f 2740 2756 2757
f 2740 2757 2741
f 2741 2757 2758
f 2741 2758 2742
f 2742 2758 2759
f 2742 2759 2743
f 2743 2759 2760
f 2743 2760 2744
f 2744 2760 2761
f 2744 2761 2745
f 2745 2761 2762
f 2745 2762 2746
f 2746 2762 2763
f 2746 2763 2747
f 2747 2763 2764
f 2747 2764 2748
f 2748 2764 2765
f 2748 2765 2749
f 2749 2765 2766
f 2749 2766 2750
f 2750 2766 2767
f 2750 2767 2751
f 2751 2767 2768
f 2751 2768 2752
f 2752 2768 2753
f 2752 2753 2737
f 2753 2769 2770
f 2753 2770 2754
f 2754 2770 2771
f 2754 2771 2755
f 2755 2771 2772
f 2755 2772 2756
f 2756 2772 2773
f 2756 2773 2757
f 2757 2773 2774
f 2757 2774 2758
f 2758 2774 2775
f 2758 2775 2759
f 2759 2775 2776
f 2759 2776 2760
f 2760 2776 2777
f 2760 2777 2761
f 2761 2777 2778
f 2761 2778 2762
f 2762 2778 2779
f 2762 2779 2763
f 2763 2779 2780
f 2763 2780 2764
f 2764 2780 2781
f 2764 2781 2765
f 2765 2781 2782
f 2765 2782 2766
f 2766 2782 2783
f 2766 2783 2767
f 2767 2783 2784
f 2767 2784 2768
f 2768 2784 2769
f 2768 2769 2753
f 2769 2785 2786
f 2769 2786 2770
f 2770 2786 2787
f 2770 2787 2771
f 2771 2787 2788
f 2771 2788 2772
f 2772 2788 2789
f 2772 2789 2773
f 2773 2789 2790
f 2773 2790 2774
f 2774 2790 2791
f 2774 2791 2775
f 2775 2791 2792
f 2775 2792 2776
f 2776 2792 2793
f 2776 2793 2777
f 2777 2793 2794
f 2777 2794 2778
f 2778 2794 2795
f 2778 2795 2779
f 2779 2795 2796
f 2779 2796 2780
f 2780 2796 2797
f 2780 2797 2781
f 2781 2797 2798
f 2781 2798 2782
f 2782 2798 2799
f 2782 2799 2783
f 2783 2799 2800
f 2783 2800 2784
f 2784 2800 2785
f 2784 2785 2769
f 2785 2801 2802
f 2785 2802 2786
f 2786 2802 2803
f 2786 2803 2787
f 2787 2803 2804
f 2787 2804 2788
f 2788 2804 2805
f 2788 2805 2789
f 2789 2805 2806
f 2789 2806 2790
f 2790 2806 2807
f 2790 2807 2791
f 2791 2807 2808
f 2791 2808 2792
f 2792 2808 2809
f 2792 2809 2793
f 2793 2809 2810
f 2793 2810 2794
f 2794 2810 2811
f 2794 2811 2795
f 2795 2811 2812
f 2795 2812 2796
f 2796 2812 2813
f 2796 2813 2797
f 2797 2813 2814
f 2797 2814 2798
f 2798 2814 2815
f 2798 2815 2799
f 2799 2815 2816
f 2799 2816 2800
f 2800 2816 2801
f 2800 2801 2785
f 2801 2817 2818
f 2801 2818 2802
f 2802 2818 2819
f 2802 2819 2803
f 2803 2819 2820
f 2803 2820 2804
f 2804 2820 2821
f 2804 2821 2805
f 2805 2821 2822
f 2805 2822 2806
f 2806 2822 2823
f 2806 2823 2807
f 2807 2823 2824
f 2807 2824 2808
f 2808 2824 2825
f 2808 2825 2809
f 2809 2825 2826
f 2809 2826 2810
f 2810 2826 2827
f 2810 2827 2811
f 2811 2827 2828
f 2811 2828 2812
f 2812 2828 2829
f 2812 2829 2813
f 2813 2829 2830
f 2813 2830 2814
f 2814 2830 2831
f 2814 2831 2815
f 2815 2831 2832
f 2815 2832 2816
f 2816 2832 2817
f 2816 2817 2801
f 2817 2833 2834
f 2817 2834 2818
f 2818 2834 2835
f 2818 2835 2819
f 2819 2835 2836
f 2819 2836 2820
f 2820 2836 2837
f 2820 2837 2821
f 2821 2837 2838
f 2821 2838 2822
f 2822 2838 2839
f 2822 2839 2823
f 2823 2839 2840
f 2823 2840 2824
f 2824 2840 2841
f 2824 2841 2825
f 2825 2841 2842
f 2825 2842 2826
f 2826 2842 2843
f 2826 2843 2827
f 2827 2843 2844
f 2827 2844 2828
f 2828 2844 2845
f 2828 2845 2829
f 2829 2845 2846
f 2829 2846 2830
f 2830 2846 2847
f 2830 2847 2831
f 2831 2847 2848
f 2831 2848 2832
f 2832 2848 2833
f 2832 2833 2817
f 2833 2849 2850
f 2833 2850 2834
f 2834 2850 2851
f 2834 2851 2835
f 2835 2851 2852
f 2835 2852 2836
f 2836 2852 2853
f 2836 2853 2837
f 2837 2853 2854
f 2837 2854 2838
f 2838 2854 2855
f 2838 2855 2839
f 2839 2855 2856
f 2839 2856 2840
f 2840 2856 2857
f 2840 2857 2841
f 2841 2857 2858
f 2841 2858 2842
f 2842 2858 2859
f 2842 2859 2843
f 2843 2859 2860
f 2843 2860 2844
f 2844 2860 2861
f 2844 2861 2845
f 2845 2861 2862
f 2845 2862 2846
f 2846 2862 2863
f 2846 2863 2847
f 2847 2863 2864
f 2847 2864 2848
f 2848 2864 2849
f 2848 2849 2833
f 2849 2865 2866
f 2849 2866 2850
f 2850 2866 2867
f 2850 2867 2851
f 2851 2867 2868
f 2851 2868 2852
f 2852 2868 2869
f 2852 2869 2853
f 2853 2869 2870
f 2853 2870 2854
f 2854 2870 2871
f 2854 2871 2855
f 2855 2871 2872
f 2855 2872 2856
f 2856 2872 2873
f 2856 2873 2857
f 2857 2873 2874
f 2857 2874 2858
f 2858 2874 2875
f 2858 2875 2859
f 2859 2875 2876
f 2859 2876 2860
f 2860 2876 2877
f 2860 2877 2861
f 2861 2877 2878
f 2861 2878 2862
f 2862 2878 2879
f 2862 2879 2863
f 2863 2879 2880
f 2863 2880 2864
f 2864 2880 2865
f 2864 2865 2849
f 2865 2881 2882
f 2865 2882 2866
f 2866 2882 2883
f 2866 2883 2867
f 2867 2883 2884
f 2867 2884 2868
f 2868 2884 2885
f 2868 2885 2869
f 2869 2885 2886
f 2869 2886 2870
f 2870 2886 2887
f 2870 2887 2871
f 2871 2887 2888
f 2871 2888 2872
f 2872 2888 2889
f 2872 2889 2873
f 2873 2889 2890
f 2873 2890 2874
f 2874 2890 2891
f 2874 2891 2875
f 2875 2891 2892
f 2875 2892 2876
f 2876 2892 2893
f 2876 2893 2877
f 2877 2893 2894
f 2877 2894 2878
f 2878 2894 2895
f 2878 2895 2879
f 2879 2895 2896
f 2879 2896 2880
f 2880 2896 2881
f 2880 2881 2865
f 2881 2897 2898
f 2881 2898 2882
f 2882 2898 2899
f 2882 2899 2883
f 2883 2899 2900
f 2883 2900 2884
f 2884 2900 2901
f 2884 2901 2885
f 2885 2901 2902
f 2885 2902 2886
f 2886 2902 2903
f 2886 2903 2887
f 2887 2903 2904
f 2887 2904 2888
f 2888 2904 2905
f 2888 2905 2889
f 2889 2905 2906
f 2889 2906 2890
f 2890 2906 2907
f 2890 2907 2891
f 2891 2907 2908
f 2891 2908 2892
f 2892 2908 2909
f 2892 2909 2893
f 2893 2909 2910
f 2893 2910 2894
f 2894 2910 2911
f 2894 2911 2895
f 2895 2911 2912
f 2895 2912 2896
f 2896 2912 2897
f 2896 2897 2881
f 2897 2913 2914
f 2897 2914 2898
f 2898 2914 2915
f 2898 2915 2899
f 2899 2915 2916
f 2899 2916 2900
f 2900 2916 2917
f 2900 2917 2901
f 2901 2917 2918
f 2901 2918 2902
f 2902 2918 2919
f 2902 2919 2903
f 2903 2919 2920
f 2903 2920 2904
f 2904 2920 2921
f 2904 2921 2905
f 2905 2921 2922
f 2905 2922 2906
f 2906 2922 2923
f 2906 2923 2907
f 2907 2923 2924
f 2907 2924 2908
f 2908 2924 2925
f 2908 2925 2909
f 2909 2925 2926
f 2909 2926 2910
f 2910 2926 2927
f 2910 2927 2911
f 2911 2927 2928
f 2911 2928 2912
f 2912 2928 2913
f 2912 2913 2897
f 2913 2929 2930
f 2913 2930 2914
f 2914 2930 2931
f 2914 2931 2915
f 2915 2931 2932
f 2915 2932 2916
f 2916 2932 2933
f 2916 2933 2917
f 2917 2933 2934
f 2917 2934 2918
f 2918 2934 2935
f 2918 2935 2919
f 2919 2935 2936
f 2919 2936 2920
f 2920 2936 2937
f 2920 2937 2921
f 2921 2937 2938
f 2921 2938 2922
f 2922 2938 2939
f 2922 2939 2923
f 2923 2939 2940
f 2923 2940 2924
f 2924 2940 2941
f 2924 2941 2925
f 2925 2941 2942
f 2925 2942 2926
f 2926 2942 2943
f 2926 2943 2927
f 2927 2943 2944
f 2927 2944 2928
f 2928 2944 2929
f 2928 2929 2913
f 2929 2945 2946
f 2929 2946 2930
f 2930 2946 2947
f 2930 2947 2931
f 2931 2947 2948
f 2931 2948 2932
f 2932 2948 2949
f 2932 2949 2933
f 2933 2949 2950
f 2933 2950 2934
f 2934 2950 2951
f 2934 2951 2935
f 2935 2951 2952
f 2935 2952 2936
f 2936 2952 2953
f 2936 2953 2937
f 2937 2953 2954
f 2937 2954 2938
f 2938 2954 2955
f 2938 2955 2939
f 2939 2955 2956
f 2939 2956 2940
f 2940 2956 2957
f 2940 2957 2941
f 2941 2957 2958
f 2941 2958 2942
f 2942 2958 2959
f 2942 2959 2943
f 2943 2959 2960
f 2943 2960 2944
f 2944 2960 2945
f 2944 2945 2929
f 2945 2961 2962
f 2945 2962 2946
f 2946 2962 2963
f 2946 2963 2947
f 2947 2963 2964
f 2947 2964 2948
f 2948 2964 2965
f 2948 2965 2949
f 2949 2965 2966
f 2949 2966 2950
f 2950 2966 2967
f 2950 2967 2951
f 2951 2967 2968
f 2951 2968 2952
f 2952 2968 2969
f 2952 2969 2953
f 2953 2969 2970
f 2953 2970 2954
f 2954 2970 2971
f 2954 2971 2955
f 2955 2971 2972
f 2955 2972 2956
f 2956 2972 2973
f 2956 2973 2957
f 2957 2973 2974
f 2957 2974 2958
f 2958 2974 2975
f 2958 2975 2959
f 2959 2975 2976
f 2959 2976 2960
f 2960 2976 2961
f 2960 2961 2945
f 2961 2977 2978
f 2961 2978 2962
f 2962 2978 2979
f 2962 2979 2963
f 2963 2979 2980
f 2963 2980 2964
f 2964 2980 2981
f 2964 2981 2965
f 2965 2981 2982
f 2965 2982 2966
f 2966 2982 2983
f 2966 2983 2967
f 2967 2983 2984
f 2967 2984 2968
f 2968 2984 2985
f 2968 2985 2969
f 2969 2985 2986
f 2969 2986 2970
f 2970 2986 2987
f 2970 2987 2971
f 2971 2987 2988
f 2971 2988 2972
f 2972 2988 2989
f 2972 2989 2973
f 2973 2989 2990
f 2973 2990 2974
f 2974 2990 2991
f 2974 2991 2975
f 2975 2991 2992
f 2975 2992 2976
f 2976 2992 2977
f 2976 2977 2961
f 2977 2993 2994
f 2977 2994 2978
f 2978 2994 2995
f 2978 2995 2979
f 2979 2995 2996
f 2979 2996 2980
f 2980 2996 2997
f 2980 2997 2981
f 2981 2997 2998
f 2981 2998 2982
f 2982 2998 2999
f 2982 2999 2983
f 2983 2999 3000
f 2983 3000 2984
f 2984 3000 3001
f 2984 3001 2985
f 2985 3001 3002
f 2985 3002 2986
f 2986 3002 3003
f 2986 3003 2987
f 2987 3003 3004
f 2987 3004 2988
f 2988 3004 3005
f 2988 3005 2989
f 2989 3005 3006
f 2989 3006 2990
f 2990 3006 3007
f 2990 3007 2991
f 2991 3007 3008
f 2991 3008 2992
f 2992 3008 2993
f 2992 2993 2977
f 2993 3009 3010
f 2993 3010 2994
f 2994 3010 3011
f 2994 3011 2995
f 2995 3011 3012
f 2995 3012 2996
f 2996 3012 3013
f 2996 3013 2997
f 2997 3013 3014
f 2997 3014 2998
f 2998 3014 3015
f 2998 3015 2999
f 2999 3015 3016
f 2999 3016 3000
f 3000 3016 3017
f 3000 3017 3001
f 3001 3017 3018
f 3001 3018 3002
f 3002 3018 3019
f 3002 3019 3003
f 3003 3019 3020
f 3003 3020 3004
f 3004 3020 3021
f 3004 3021 3005
f 3005 3021 3022
f 3005 3022 3006
f 3006 3022 3023
f 3006 3023 3007
f 3007 3023 3024
f 3007 3024 3008
f 3008 3024 3009
f 3008 3009 2993
f 3009 3025 3026
f 3009 3026 3010
f 3010 3026 3027
f 3010 3027 3011
f 3011 3027 3028
f 3011 3028 3012
f 3012 3028 3029
f 3012 3029 3013
f 3013 3029 3030
f 3013 3030 3014
f 3014 3030 3031
f 3014 3031 3015
f 3015 3031 3032
f 3015 3032 3016
f 3016 3032 3033
f 3016 3033 3017
f 3017 3033 3034
f 3017 3034 3018
f 3018 3034 3035
f 3018 3035 3019
f 3019 3035 3036
f 3019 3036 3020
f 3020 3036 3037
f 3020 3037 3021
f 3021 3037 3038
f 3021 3038 3022
f 3022 3038 3039
f 3022 3039 3023
f 3023 3039 3040
f 3023 3040 3024
f 3024 3040 3025
f 3024 3025 3009
f 3025 3041 3042
f 3025 3042 3026
f 3026 3042 3043
f 3026 3043 3027
f 3027 3043 3044
f 3027 3044 3028
f 3028 3044 3045
f 3028 3045 3029
f 3029 3045 3046
f 3029 3046 3030
f 3030 3046 3047
f 3030 3047 3031
f 3031 3047 3048
f 3031 3048 3032
f 3032 3048 3049
f 3032 3049 3033
f 3033 3049 3050
f 3033 3050 3034
f 3034 3050 3051
f 3034 3051 3035
f 3035 3051 3052
f 3035 3052 3036
f 3036 3052 3053
f 3036 3053 3037
f 3037 3053 3054
f 3037 3054 3038
f 3038 3054 3055
f 3038 3055 3039
f 3039 3055 3056
f 3039 3056 3040
f 3040 3056 3041
f 3040 3041 3025
f 3041 3057 3058
f 3041 3058 3042
f 3042 3058 3059
f 3042 3059 3043
f 3043 3059 3060
f 3043 3060 3044
f 3044 3060 3061
f 3044 3061 3045
f 3045 3061 3062
f 3045 3062 3046
f 3046 3062 3063
f 3046 3063 3047
f 3047 3063 3064
f 3047 3064 3048
f 3048 3064 3065
f 3048 3065 3049
f 3049 3065 3066
f 3049 3066 3050
f 3050 3066 3067
f 3050 3067 3051
f 3051 3067 3068
f 3051 3068 3052
f 3052 3068 3069
f 3052 3069 3053
f 3053 3069 3070
f 3053 3070 3054
f 3054 3070 3071
f 3054 3071 3055
f 3055 3071 3072
f 3055 3072 3056
f 3056 3072 3057
f 3056 3057 3041
f 3057 3073 3074
f 3057 3074 3058
f 3058 3074 3075
f 3058 3075 3059
f 3059 3075 3076
f 3059 3076 3060
f 3060 3076 3077
f 3060 3077 3061
f 3061 3077 3078
f 3061 3078 3062
f 3062 3078 3079
f 3062 3079 3063
f 3063 3079 3080
f 3063 3080 3064
f 3064 3080 3081
f 3064 3081 3065
f 3065 3081 3082
f 3065 3082 3066
f 3066 3082 3083
f 3066 3083 3067
f 3067 3083 3084
f 3067 3084 3068
f 3068 3084 3085
f 3068 3085 3069
f 3069 3085 3086
f 3069 3086 3070
f 3070 3086 3087
f 3070 3087 3071
f 3071 3087 3088
f 3071 3088 3072
f 3072 3088 3073
f 3072 3073 3057
f 3073 3089 3090
f 3073 3090 3074
f 3074 3090 3091
f 3074 3091 3075
f 3075 3091 3092
f 3075 3092 3076
f 3076 3092 3093
f 3076 3093 3077
f 3077 3093 3094
f 3077 3094 3078
f 3078 3094 3095
f 3078 3095 3079
f 3079 3095 3096
f 3079 3096 3080
f 3080 3096 3097
f 3080 3097 3081
f 3081 3097 3098
f 3081 3098 3082
f 3082 3098 3099
f 3082 3099 3083
f 3083 3099 3100
f 3083 3100 3084
f 3084 3100 3101
f 3084 3101 3085
f 3085 3101 3102
f 3085 3102 3086
f 3086 3102 3103
f 3086 3103 3087
f 3087 3103 3104
f 3087 3104 3088
f 3088 3104 3089
f 3088 3089 3073
f 3089 3105 3106
f 3089 3106 3090
f 3090 3106 3107
f 3090 3107 3091
f 3091 3107 3108
f 3091 3108 3092
f 3092 3108 3109
f 3092 3109 3093
f 3093 3109 3110
f 3093 3110 3094
f 3094 3110 3111
f 3094 3111 3095
f 3095 3111 3112
f 3095 3112 3096
f 3096 3112 3113
f 3096 3113 3097
f 3097 3113 3114
f 3097 3114 3098
f 3098 3114 3115
f 3098 3115 3099
f 3099 3115 3116
f 3099 3116 3100
f 3100 3116 3117
f 3100 3117 3101
f 3101 3117 3118
f 3101 3118 3102
f 3102 3118 3119
f 3102 3119 3103
f 3103 3119 3120
f 3103 3120 3104
f 3104 3120 3105
f 3104 3105 3089
f 3105 3121 3122
f 3105 3122 3106
f 3106 3122 3123
f 3106 3123 3107
f 3107 3123 3124
f 3107 3124 3108
f 3108 3124 3125
f 3108 3125 3109
f 3109 3125 3126
f 3109 3126 3110
f 3110 3126 3127
f 3110 3127 3111
f 3111 3127 3128
f 3111 3128 3112
f 3112 3128 3129
f 3112 3129 3113
f 3113 3129 3130
f 3113 3130 3114
f 3114 3130 3131
f 3114 3131 3115
f 3115 3131 3132
f 3115 3132 3116
f 3116 3132 3133
f 3116 3133 3117
f 3117 3133 3134
f 3117 3134 3118
f 3118 3134 3135
f 3118 3135 3119
f 3119 3135 3136
f 3119 3136 3120
f 3120 3136 3121
f 3120 3121 3105
f 3121 3137 3138
f 3121 3138 3122
f 3122 3138 3139
f 3122 3139 3123
f 3123 3139 3140
f 3123 3140 3124
f 3124 3140 3141
f 3124 3141 3125
f 3125 3141 3142
f 3125 3142 3126
f 3126 3142 3143
f 3126 3143 3127
f 3127 3143 3144
f 3127 3144 3128
f 3128 3144 3145
f 3128 3145 3129
f 3129 3145 3146
f 3129 3146 3130
f 3130 3146 3147
f 3130 3147 3131
f 3131 3147 3148
f 3131 3148 3132
f 3132 3148 3149
f 3132 3149 3133
f 3133 3149 3150
f 3133 3150 3134
f 3134 3150 3151
f 3134 3151 3135
f 3135 3151 3152
f 3135 3152 3136
f 3136 3152 3137
f 3136 3137 3121
f 3137 3153 3154
f 3137 3154 3138
f 3138 3154 3155
f 3138 3155 3139
f 3139 3155 3156
f 3139 3156 3140
f 3140 3156 3157
f 3140 3157 3141
f 3141 3157 3158
f 3141 3158 3142
f 3142 3158 3159
f 3142 3159 3143
f 3143 3159 3160
f 3143 3160 3144
f 3144 3160 3161
f 3144 3161 3145
f 3145 3161 3162
f 3145 3162 3146
f 3146 3162 3163
f 3146 3163 3147
f 3147 3163 3164
f 3147 3164 3148
f 3148 3164 3165
f 3148 3165 3149
f 3149 3165 3166
f 3149 3166 3150
f 3150 3166 3167
f 3150 3167 3151
f 3151 3167 3168
f 3151 3168 3152
f 3152 3168 3153
f 3152 3153 3137
f 3153 3169 3170
f 3153 3170 3154
f 3154 3170 3171
f 3154 3171 3155
f 3155 3171 3172
f 3155 3172 3156
f 3156 3172 3173
f 3156 3173 3157
f 3157 3173 3174
f 3157 3174 3158
f 3158 3174 3175
f 3158 3175 3159
f 3159 3175 3176
f 3159 3176 3160
f 3160 3176 3177
f 3160 3177 3161
f 3161 3177 3178
f 3161 3178 3162
f 3162 3178 3179
f 3162 3179 3163
f 3163 3179 3180
f 3163 3180 3164
f 3164 3180 3181
f 3164 3181 3165
f 3165 3181 3182
f 3165 3182 3166
f 3166 3182 3183
f 3166 3183 3167
f 3167 3183 3184
f 3167 3184 3168
f 3168 3184 3169
f 3168 3169 3153
f 3169 3185 3186
f 3169 3186 3170
f 3170 3186 3187
f 3170 3187 3171
f 3171 3187 3188
f 3171 3188 3172
f 3172 3188 3189
f 3172 3189 3173
f 3173 3189 3190
f 3173 3190 3174
f 3174 3190 3191
f 3174 3191 3175
f 3175 3191 3192
f 3175 3192 3176
f 3176 3192 3193
f 3176 3193 3177
f 3177 3193 3194
f 3177 3194 3178
f 3178 3194 3195
f 3178 3195 3179
f 3179 3195 3196
f 3179 3196 3180
f 3180 3196 3197
f 3180 3197 3181
f 3181 3197 3198
f 3181 3198 3182
f 3182 3198 3199
f 3182 3199 3183
f 3183 3199 3200
f 3183 3200 3184
f 3184 3200 3185
f 3184 3185 3169
f 3185 1 2
f 3185 2 3186
f 3186 2 3
f 3186 3 3187
f 3187 3 4
f 3187 4 3188
f 3188 4 5
f 3188 5 3189
f 3189 5 6
f 3189 6 3190
f 3190 6 7
f 3190 7 3191
f 3191 7 8
f 3191 8 3192
f 3192 8 9
f 3192 9 3193
f 3193 9 10
f 3193 10 3194
f 3194 10 11
f 3194 11 3195
f 3195 11 12
f 3195 12 3196
f 3196 12 13
f 3196 13 3197
f 3197 13 14
f 3197 14 3198
f 3198 14 15
f 3198 15 3199
f 3199 15 16
f 3199 16 3200
f 3200 16 1
f 3200 1 3185
